,Week,Date,Player,Team,Opponent,Cup,Position,Started_Sub,Minutes,Pts_Play,Frees/Sideline,Goals_Play
0,1,2023-02-04,Aidan Tallis,Kilkenny,Antrim,League,G,Started,70,1.0,,
1,1,2023-02-04,Mikey Butler,Kilkenny,Antrim,League,FB,Started,70,,,
2,1,2023-02-04,Huw Lawlor,Kilkenny,Antrim,League,FB,Started,70,,,
3,1,2023-02-04,Niall Rowe,Kilkenny,Antrim,League,FB,Started,70,,,
4,1,2023-02-04,Cillian Buckley,Kilkenny,Antrim,League,HB,Started,70,,,
5,1,2023-02-04,Padraig Walsh,Kilkenny,Antrim,League,HB,Started,70,,,
6,1,2023-02-04,David Blanchfield,Kilkenny,Antrim,League,HB,Started,70,,,
7,1,2023-02-04,Paddy Deegan,Kilkenny,Antrim,League,M,Started,70,1.0,,
8,1,2023-02-04,John Donnelly,Kilkenny,Antrim,League,M,Started,69,1.0,,
9,1,2023-02-04,Walter Walsh,Kilkenny,Antrim,League,HF,Started,68,1.0,,
10,1,2023-02-04,Cian Kenny,Kilkenny,Antrim,League,HF,Started,63,,,
11,1,2023-02-04,Paul Cody,Kilkenny,Antrim,League,HF,Started,35,2.0,,
12,1,2023-02-04,Billy Drennan,Kilkenny,Antrim,League,FF,Started,70,1.0,7.0,1.0
13,1,2023-02-04,Martin Keoghan,Kilkenny,Antrim,League,FF,Started,70,3.0,,
14,1,2023-02-04,Billy Ryan,Kilkenny,Antrim,League,FF,Started,70,1.0,,
15,1,2023-02-04,Shane Murphy,Kilkenny,Antrim,League,HF,Sub,35,,,
16,1,2023-02-04,Tom Phelan,Kilkenny,Antrim,League,HF,Sub,7,,,
17,1,2023-02-04,Alan Murphy,Kilkenny,Antrim,League,HF,Sub,2,,,
18,1,2023-02-04,Gearoid Dunne,Kilkenny,Antrim,League,M,Sub,1,,,
19,1,2023-02-04,Barry Hogan,Tipp,Laois,League,G,Started,70,,,
20,1,2023-02-04,Cathal Barrett,Tipp,Laois,League,FB,Started,70,1.0,,
21,1,2023-02-04,Michael Breen,Tipp,Laois,League,FB,Started,70,,,
22,1,2023-02-04,Johnny Ryan,Tipp,Laois,League,FB,Started,70,,,
23,1,2023-02-04,Bryan O Mara,Tipp,Laois,League,HB,Started,70,,,
24,1,2023-02-04,Ronan Maher,Tipp,Laois,League,HB,Started,70,2.0,1.0,
25,1,2023-02-04,Brian McGrath,Tipp,Laois,League,HB,Started,70,1.0,,
26,1,2023-02-04,Noel McGrath,Tipp,Laois,League,M,Started,60,1.0,,
27,1,2023-02-04,Conor Stakelum,Tipp,Laois,League,M,Started,37,3.0,,
28,1,2023-02-04,Seaumus Kennedy,Tipp,Laois,League,HF,Started,70,,,1.0
29,1,2023-02-04,Gearoid O Connor,Tipp,Laois,League,HF,Started,70,3.0,8.0,
30,1,2023-02-04,Cian O Dwyer,Tipp,Laois,League,HF,Started,51,2.0,,
31,1,2023-02-04,John McGrath,Tipp,Laois,League,FF,Started,62,2.0,,
32,1,2023-02-04,Patrick Maher,Tipp,Laois,League,FF,Started,51,,,
33,1,2023-02-04,Sean Ryan,Tipp,Laois,League,FF,Started,70,3.0,,
34,1,2023-02-04,John Campion,Tipp,Laois,League,M,Sub,33,1.0,,
35,1,2023-02-04,Jake Morris,Tipp,Laois,League,HF,Sub,29,2.0,,1.0
36,1,2023-02-04,Mark Kehoe,Tipp,Laois,League,HF,Sub,29,1.0,,
37,1,2023-02-04,Paddy Cadell,Tipp,Laois,League,M,Sub,20,,,
38,1,2023-02-04,Conor Bowe,Tipp,Laois,League,FF,Sub,18,1.0,,
39,1,2023-02-04,Mark Fanning,Wexford,Galway,League,G,Started,70,,,
40,1,2023-02-04,Shane Reck,Wexford,Galway,League,FB,Started,70,,,
41,1,2023-02-04,Liam Ryan,Wexford,Galway,League,FB,Started,70,1.0,,
42,1,2023-02-04,Conor Devitt,Wexford,Galway,League,FB,Started,70,,,
43,1,2023-02-04,Conor Foley,Wexford,Galway,League,HB,Started,70,,,
44,1,2023-02-04,Damien Reck,Wexford,Galway,League,HB,Started,66,1.0,1.0,
45,1,2023-02-04,Simon Donohue,Wexford,Galway,League,HB,Started,70,1.0,,
46,1,2023-02-04,Diarmuid O Keefe,Wexford,Galway,League,M,Started,70,,,
47,1,2023-02-04,Kevin Foley,Wexford,Galway,League,M,Started,54,1.0,,
48,1,2023-02-04,Conor Hearne,Wexford,Galway,League,HF,Started,61,,,
49,1,2023-02-04,Liam Og McGovern,Wexford,Galway,League,HF,Started,50,,,
50,1,2023-02-04,Charlie McGuckin,Wexford,Galway,League,HF,Started,70,3.0,,
51,1,2023-02-04,Cathal Dunbar,Wexford,Galway,League,FF,Started,70,2.0,,
52,1,2023-02-04,Conor McDonald,Wexford,Galway,League,FF,Started,70,1.0,3.0,
53,1,2023-02-04,Mikie Dwyer,Wexford,Galway,League,FF,Started,54,1.0,,
54,1,2023-02-04,Corey Byrne Dunbar,Wexford,Galway,League,HF,Sub,20,,,
55,1,2023-02-04,Jack Doran,Wexford,Galway,League,M,Sub,16,,,
56,1,2023-02-04,Rory Higgins,Wexford,Galway,League,FF,Sub,16,,,
57,1,2023-02-04,Connal Flood,Wexford,Galway,League,HF,Sub,9,,,
58,1,2023-02-04,David Clarke,Wexford,Galway,League,HB,Sub,4,,,
59,1,2023-02-04,Eanna Murphy,Galway,Wexford,League,G,Started,70,,,
60,1,2023-02-04,Jack Grealish,Galway,Wexford,League,FB,Started,70,,,
61,1,2023-02-04,Gearoid McInerney,Galway,Wexford,League,FB,Started,67,,,
62,1,2023-02-04,Darren Morrissey,Galway,Wexford,League,FB,Started,70,1.0,,
63,1,2023-02-04,Eoin Lawless,Galway,Wexford,League,HB,Started,70,,,
64,1,2023-02-04,Padraic Mannion,Galway,Wexford,League,HB,Started,70,,,
65,1,2023-02-04,TJ Brennan,Galway,Wexford,League,HB,Started,35,,,
66,1,2023-02-04,Tiernan Killeen,Galway,Wexford,League,M,Started,35,1.0,,
67,1,2023-02-04,Sean Linnane,Galway,Wexford,League,M,Started,70,1.0,,
68,1,2023-02-04,Tom Monaghan,Galway,Wexford,League,HF,Started,70,1.0,,
69,1,2023-02-04,Conor Whelan,Galway,Wexford,League,HF,Started,70,2.0,,
70,1,2023-02-04,Donal O Shea,Galway,Wexford,League,HF,Started,60,1.0,,
71,1,2023-02-04,Evan Niland,Galway,Wexford,League,FF,Started,70,,10.0,
72,1,2023-02-04,Jarlath Mannion,Galway,Wexford,League,FF,Started,35,1.0,,
73,1,2023-02-04,Jason Flynn,Galway,Wexford,League,FF,Started,70,1.0,,
74,1,2023-02-04,Ronan Murphy,Galway,Wexford,League,M,Sub,35,1.0,,
75,1,2023-02-04,Brian Concannon,Galway,Wexford,League,FF,Sub,35,1.0,,
76,1,2023-02-04,Oisin Salmon,Galway,Wexford,League,HB,Sub,35,,,
77,1,2023-02-04,Liam Collins,Galway,Wexford,League,HF,Sub,10,2.0,,
78,1,2023-02-04,Jack Fitzpatrick,Galway,Wexford,League,FB,Sub,3,,,
79,1,2023-02-04,Patrick Collins,Cork,Limerick,League,G,Started,70,,,
80,1,2023-02-04,Conor O Callaghan,Cork,Limerick,League,FB,Started,70,,,
81,1,2023-02-04,Eoin Downey,Cork,Limerick,League,FB,Started,70,1.0,,
82,1,2023-02-04,Sean O Donoghue,Cork,Limerick,League,FB,Started,29,,,
83,1,2023-02-04,Tommy O Connell,Cork,Limerick,League,HB,Started,70,,,
84,1,2023-02-04,Ciaran Joyce,Cork,Limerick,League,HB,Started,70,1.0,,
85,1,2023-02-04,Damien Cahalane,Cork,Limerick,League,HB,Started,70,,,
86,1,2023-02-04,Brian O Sullivan,Cork,Limerick,League,M,Started,43,,,
87,1,2023-02-04,Luke Meade,Cork,Limerick,League,M,Started,70,1.0,,
88,1,2023-02-04,Brian Roche,Cork,Limerick,League,HF,Started,70,1.0,,
89,1,2023-02-04,Conor Lehane,Cork,Limerick,League,HF,Started,70,1.0,,
90,1,2023-02-04,Cormac Beausang,Cork,Limerick,League,HF,Started,39,,,
91,1,2023-02-04,Declan Dalton,Cork,Limerick,League,FF,Started,55,,,1.0
92,1,2023-02-04,Patrick Horgan,Cork,Limerick,League,FF,Started,70,3.0,7.0,
93,1,2023-02-04,Robbie O Flynn,Cork,Limerick,League,FF,Started,51,1.0,,1.0
94,1,2023-02-04,Niall O Leary,Cork,Limerick,League,FB,Sub,41,,,
95,1,2023-02-04,Shane Kingston,Cork,Limerick,League,HF,Sub,31,1.0,,
96,1,2023-02-04,Shane Barrett,Cork,Limerick,League,M,Sub,27,,,
97,1,2023-02-04,Brian Hayes,Cork,Limerick,League,FF,Sub,15,,,
98,1,2023-02-04,Conor Cahalane,Cork,Limerick,League,FF,Sub,19,1.0,,
99,1,2023-02-04,David McCarthy,Limerick,Cork,League,G,Started,70,,,
100,1,2023-02-04,Sean Finn,Limerick,Cork,League,FB,Started,70,,,
101,1,2023-02-04,Richie English,Limerick,Cork,League,FB,Started,70,,,
102,1,2023-02-04,Aaron Costello,Limerick,Cork,League,FB,Started,70,,,
103,1,2023-02-04,Dan Morrissey,Limerick,Cork,League,HB,Started,70,,,
104,1,2023-02-04,Declan Hannon,Limerick,Cork,League,HB,Started,48,1.0,,
105,1,2023-02-04,Colin Coughlan,Limerick,Cork,League,HB,Started,70,2.0,,
106,1,2023-02-04,Darragh O Donovan,Limerick,Cork,League,M,Started,70,1.0,,
107,1,2023-02-04,Barry Murphy,Limerick,Cork,League,M,Started,70,1.0,,
108,1,2023-02-04,Gearoid Hegarty,Limerick,Cork,League,HF,Started,57,3.0,,
109,1,2023-02-04,David Reidy,Limerick,Cork,League,HF,Started,70,,8.0,
110,1,2023-02-04,Tom Morrissey,Limerick,Cork,League,HF,Started,70,1.0,,
111,1,2023-02-04,Adam English,Limerick,Cork,League,FF,Started,55,2.0,,
112,1,2023-02-04,Seamus Flanagan,Limerick,Cork,League,FF,Started,68,1.0,,
113,1,2023-02-04,Oisin O Reilly,Limerick,Cork,League,FF,Started,40,,,
114,1,2023-02-04,Shane O Brien,Limerick,Cork,League,FF,Sub,30,,,
115,1,2023-02-04,Ciaran Barry,Limerick,Cork,League,HB,Sub,22,,,
116,1,2023-02-04,Graham Mulcahy,Limerick,Cork,League,FF,Sub,15,,,
117,1,2023-02-04,Cian Lynch,Limerick,Cork,League,HF,Sub,13,,,
118,1,2023-02-04,Donnacha O Dalaigh,Limerick,Cork,League,FF,Sub,2,,,
119,1,2023-02-04,Eibhear Quilligan,Clare,Westmeath,League,G,Started,70,,,
120,1,2023-02-04,Seadna Morey,Clare,Westmeath,League,FB,Started,70,1.0,,
121,1,2023-02-04,Conor Cleary,Clare,Westmeath,League,FB,Started,70,,,
122,1,2023-02-04,Adam Hogan,Clare,Westmeath,League,FB,Started,50,,,
123,1,2023-02-04,Diarmuid Ryan,Clare,Westmeath,League,HB,Started,55,1.0,,
124,1,2023-02-04,David McInerney,Clare,Westmeath,League,HB,Started,70,,,
125,1,2023-02-04,Brandon O Connell,Clare,Westmeath,League,HB,Started,70,1.0,,
126,1,2023-02-04,Cathal Malone,Clare,Westmeath,League,M,Started,70,,,
127,1,2023-02-04,Jack Kirwan,Clare,Westmeath,League,M,Started,70,,,
128,1,2023-02-04,David Fitzgerald,Clare,Westmeath,League,HF,Started,70,3.0,,
129,1,2023-02-04,Davy Conroy,Clare,Westmeath,League,HF,Started,70,5.0,,
130,1,2023-02-04,Peter Duggan,Clare,Westmeath,League,HF,Started,57,,,
131,1,2023-02-04,Aidan McCarthy,Clare,Westmeath,League,FF,Started,70,5.0,5.0,
132,1,2023-02-04,Mark Rogers,Clare,Westmeath,League,FF,Started,48,2.0,,2.0
133,1,2023-02-04,Ian Galvin,Clare,Westmeath,League,FF,Started,60,3.0,,1.0
134,1,2023-02-04,Gearoid O Grady,Clare,Westmeath,League,FF,Sub,22,1.0,,
135,1,2023-02-04,Cian Nolan,Clare,Westmeath,League,FB,Sub,20,,,
136,1,2023-02-04,Cian Galvin,Clare,Westmeath,League,HB,Sub,15,,,
137,1,2023-02-04,Keith Smyth,Clare,Westmeath,League,HF,Sub,13,,,
138,1,2023-02-04,Aron Shanagher,Clare,Westmeath,League,FF,Sub,10,,,1.0
139,1,2023-02-04,Shaun O Brien,Waterford,Dublin,League,G,Started,70,,,
140,1,2023-02-04,Conor Gleeson,Waterford,Dublin,League,FB,Started,70,,,
141,1,2023-02-04,Conor Prunty,Waterford,Dublin,League,FB,Started,70,,,
142,1,2023-02-04,Shane McNulty,Waterford,Dublin,League,FB,Started,70,,,
143,1,2023-02-04,Jack Fagan,Waterford,Dublin,League,HB,Started,70,1.0,,
144,1,2023-02-04,Calum Lyons,Waterford,Dublin,League,HB,Started,70,,,
145,1,2023-02-04,Darragh Lyons,Waterford,Dublin,League,HB,Started,17,,,
146,1,2023-02-04,Michael Harney,Waterford,Dublin,League,M,Started,70,,,
147,1,2023-02-04,Paddy Leavy,Waterford,Dublin,League,M,Started,56,,,
148,1,2023-02-04,Reuben Halloran,Waterford,Dublin,League,HF,Started,49,,,
149,1,2023-02-04,Jamie Barron,Waterford,Dublin,League,HF,Started,70,2.0,,
150,1,2023-02-04,Michael Kiely,Waterford,Dublin,League,HF,Started,70,2.0,,
151,1,2023-02-04,Kevin Mahony,Waterford,Dublin,League,FF,Started,49,,,
152,1,2023-02-04,Tom Barron,Waterford,Dublin,League,FF,Started,69,2.0,,
153,1,2023-02-04,Stephen Bennett,Waterford,Dublin,League,FF,Started,70,7.0,,2.0
154,1,2023-02-04,Carthach Daly,Waterford,Dublin,League,HB,Sub,53,,,
155,1,2023-02-04,Austin Gleeson,Waterford,Dublin,League,HF,Sub,21,1.0,3.0,
156,1,2023-02-04,Dessie Hutchinson,Waterford,Dublin,League,FF,Sub,21,,,
157,1,2023-02-04,Jack Prendergast,Waterford,Dublin,League,M,Sub,14,1.0,,
158,1,2023-02-04,Patrick Curran,Waterford,Dublin,League,FF,Sub,1,,,
159,2,2023-02-11,Nicky Quaid,Limerick,Clare,League,G,Started,70,,,
160,2,2023-02-11,Sean Finn,Limerick,Clare,League,FB,Started,70,,,
161,2,2023-02-11,Richie English,Limerick,Clare,League,FB,Started,70,,,
162,2,2023-02-11,Fergal O Connor,Limerick,Clare,League,FB,Started,31,,,
163,2,2023-02-11,Ciaran Barry,Limerick,Clare,League,HB,Started,70,,,
164,2,2023-02-11,Dan Morrissey,Limerick,Clare,League,HB,Started,70,,,
165,2,2023-02-11,Kyle Hayes,Limerick,Clare,League,HB,Started,67,3.0,,
166,2,2023-02-11,Darragh O Donovan,Limerick,Clare,League,M,Started,70,,,
167,2,2023-02-11,David Reidy,Limerick,Clare,League,M,Started,8,,,
168,2,2023-02-11,Michael Houlihan,Limerick,Clare,League,HF,Started,70,4.0,8.0,
169,2,2023-02-11,Cian Lynch,Limerick,Clare,League,HF,Started,61,1.0,,
170,2,2023-02-11,Gearoid Hegarty,Limerick,Clare,League,HF,Started,53,2.0,,
171,2,2023-02-11,Shane O Brien,Limerick,Clare,League,FF,Started,52,2.0,,
172,2,2023-02-11,Seamus Flanagan,Limerick,Clare,League,FF,Started,70,,,
173,2,2023-02-11,Peter Casey,Limerick,Clare,League,FF,Started,70,3.0,,
174,2,2023-02-11,Adam English,Limerick,Clare,League,M,Sub,62,2.0,,
175,2,2023-02-11,Aaron Costello,Limerick,Clare,League,FB,Sub,39,,,
176,2,2023-02-11,Donnacha O Dalaigh,Limerick,Clare,League,FF,Sub,18,,,1.0
177,2,2023-02-11,Tom Morrissey,Limerick,Clare,League,HF,Sub,17,2.0,,
178,2,2023-02-11,Graham Mulcahy,Limerick,Clare,League,HF,Sub,9,,,
179,2,2023-02-11,Jimmy Quilty,Limerick,Clare,League,HB,Sub,3,,,
180,2,2023-02-11,Eibhear Quilligan,Clare,Limerick,League,G,Started,70,,,
181,2,2023-02-11,Rory Hayes,Clare,Limerick,League,FB,Started,70,,,
182,2,2023-02-11,Conor Cleary,Clare,Limerick,League,FB,Started,70,,,
183,2,2023-02-11,Seadna Morey,Clare,Limerick,League,FB,Started,70,1.0,,
184,2,2023-02-11,Diarmuid Ryan,Clare,Limerick,League,HB,Started,70,1.0,,
185,2,2023-02-11,David McInerney,Clare,Limerick,League,HB,Started,70,,,
186,2,2023-02-11,Aaron Fitzgerald,Clare,Limerick,League,HB,Started,51,,,
187,2,2023-02-11,Cathal Malone,Clare,Limerick,League,M,Started,70,,,
188,2,2023-02-11,Paddy Donnellan,Clare,Limerick,League,M,Started,31,,,
189,2,2023-02-11,David Fitzgerald,Clare,Limerick,League,HF,Started,59,1.0,,
190,2,2023-02-11,David Conroy,Clare,Limerick,League,HF,Started,70,,,
191,2,2023-02-11,Aidan McCarthy,Clare,Limerick,League,HF,Started,70,4.0,9.0,
192,2,2023-02-11,Mark Rogers,Clare,Limerick,League,FF,Started,56,,,
193,2,2023-02-11,Peter Duggan,Clare,Limerick,League,FF,Started,70,,,
194,2,2023-02-11,Ian Galvin,Clare,Limerick,League,FF,Started,51,,,1.0
195,2,2023-02-11,Robyn Mounsey,Clare,Limerick,League,M,Sub,39,,,
196,2,2023-02-11,Cian Galvin,Clare,Limerick,League,HB,Sub,19,,,
197,2,2023-02-11,Aron Shanagher,Clare,Limerick,League,FF,Sub,19,,,
198,2,2023-02-11,David Reidy,Clare,Limerick,League,FF,Sub,14,2.0,,1.0
199,2,2023-02-11,Conor Leen,Clare,Limerick,League,HF,Sub,11,,,
200,2,2023-02-11,Billy Nolan,Waterford,Laois,League,G,Started,70,,,
201,2,2023-02-11,Conor Gleeson,Waterford,Laois,League,FB,Started,70,,,
202,2,2023-02-11,Conor Prunty,Waterford,Laois,League,FB,Started,70,,,
203,2,2023-02-11,Shane McNulty,Waterford,Laois,League,FB,Started,55,1.0,,
204,2,2023-02-11,Jack Fagan,Waterford,Laois,League,HB,Started,70,,,
205,2,2023-02-11,Calum Lyons,Waterford,Laois,League,HB,Started,70,4.0,,
206,2,2023-02-11,Mark Fitzgerald,Waterford,Laois,League,HB,Started,70,1.0,,
207,2,2023-02-11,Jack Prendergast,Waterford,Laois,League,M,Started,70,1.0,,
208,2,2023-02-11,Carthach Daly,Waterford,Laois,League,M,Started,54,,,
209,2,2023-02-11,Jamie Barron,Waterford,Laois,League,HF,Started,70,2.0,,
210,2,2023-02-11,Tom Barron,Waterford,Laois,League,HF,Started,41,,,
211,2,2023-02-11,Neil Montgomery,Waterford,Laois,League,HF,Started,70,3.0,,1.0
212,2,2023-02-11,Michael Kiely,Waterford,Laois,League,FF,Started,70,,,
213,2,2023-02-11,Dessie Hutchinson,Waterford,Laois,League,FF,Started,69,1.0,,1.0
214,2,2023-02-11,Padraig Fitzgerald,Waterford,Laois,League,FF,Started,47,2.0,5.0,
215,2,2023-02-11,Patrick Curran,Waterford,Laois,League,HF,Sub,29,1.0,,
216,2,2023-02-11,Austin Gleeson,Waterford,Laois,League,FF,Sub,23,3.0,3.0,
217,2,2023-02-11,Reuben Halloran,Waterford,Laois,League,M,Sub,16,2.0,,
218,2,2023-02-11,Conor Ryan,Waterford,Laois,League,FB,Sub,15,,,
219,2,2023-02-11,Patrick Fitzgerald,Waterford,Laois,League,FF,Sub,1,2.0,,
220,2,2023-02-11,Patrick Collins,Cork,Galway,League,G,Started,70,,,
221,2,2023-02-11,Conor O Callaghan,Cork,Galway,League,FB,Started,70,,,
222,2,2023-02-11,Eoin Downey,Cork,Galway,League,FB,Started,70,,,
223,2,2023-02-11,Eoin Roche,Cork,Galway,League,FB,Started,70,,,
224,2,2023-02-11,Cormac O Brien,Cork,Galway,League,HB,Started,70,,,
225,2,2023-02-11,Ciaran Joyce,Cork,Galway,League,HB,Started,70,,,
226,2,2023-02-11,Tommy O Connell,Cork,Galway,League,HB,Started,70,,,
227,2,2023-02-11,Sam Quirke,Cork,Galway,League,M,Started,39,,,
228,2,2023-02-11,Brian Roche,Cork,Galway,League,M,Started,68,,,
229,2,2023-02-11,Declan Dalton,Cork,Galway,League,HF,Started,70,6.0,2.0,
230,2,2023-02-11,Conor Lehane,Cork,Galway,League,HF,Started,70,3.0,,2.0
231,2,2023-02-11,Sean Twomey,Cork,Galway,League,HF,Started,70,,,2.0
232,2,2023-02-11,Cormac Beausang,Cork,Galway,League,FF,Started,47,1.0,,
233,2,2023-02-11,Shane Barrett,Cork,Galway,League,FF,Started,55,4.0,,
234,2,2023-02-11,Shane Kingston,Cork,Galway,League,FF,Started,57,2.0,4.0,
235,2,2023-02-11,Luke Meade,Cork,Galway,League,M,Sub,31,,,
236,2,2023-02-11,Brian Hayes,Cork,Galway,League,FF,Sub,23,1.0,,
237,2,2023-02-11,Conor Cahalane,Cork,Galway,League,FF,Sub,15,1.0,,
238,2,2023-02-11,Padraig Power,Cork,Galway,League,FF,Sub,13,,,
239,2,2023-02-11,Colin Walsh,Cork,Galway,League,M,Sub,2,,,
240,2,2023-02-11,Darach Fahy,Galway,Cork,League,G,Started,70,,,
241,2,2023-02-11,Jack Grealish,Galway,Cork,League,FB,Started,70,,,
242,2,2023-02-11,Gearoid McInerney,Galway,Cork,League,FB,Started,70,,,
243,2,2023-02-11,Oisin Salmon,Galway,Cork,League,FB,Started,70,,,
244,2,2023-02-11,Padraic Mannion,Galway,Cork,League,HB,Started,70,1.0,,
245,2,2023-02-11,Joesph Cooney,Galway,Cork,League,HB,Started,70,,,
246,2,2023-02-11,Darren Morrissey,Galway,Cork,League,HB,Started,54,,,
247,2,2023-02-11,Gavin Lee,Galway,Cork,League,M,Started,44,,,
248,2,2023-02-11,Sean Linnane,Galway,Cork,League,M,Started,70,,,
249,2,2023-02-11,Tom Monaghan,Galway,Cork,League,HF,Started,35,,,
250,2,2023-02-11,Conor Whelan,Galway,Cork,League,HF,Started,70,2.0,,
251,2,2023-02-11,Jason Flynn,Galway,Cork,League,HF,Started,56,1.0,,
252,2,2023-02-11,Evan Niland,Galway,Cork,League,FF,Started,66,3.0,8.0,
253,2,2023-02-11,Kevin Cooney,Galway,Cork,League,FF,Started,70,1.0,,1.0
254,2,2023-02-11,Martin McManus,Galway,Cork,League,FF,Started,70,3.0,,1.0
255,2,2023-02-11,Cianan Fahy,Galway,Cork,League,HF,Sub,35,1.0,,
256,2,2023-02-11,Cathal Mannion,Galway,Cork,League,M,Sub,26,1.0,,
257,2,2023-02-11,Ronan Murphy,Galway,Cork,League,HB,Sub,16,,,
258,2,2023-02-11,Brian Concannon,Galway,Cork,League,HF,Sub,14,,,1.0
259,2,2023-02-11,Liam Collins,Galway,Cork,League,FF,Sub,4,,1.0,
260,2,2023-02-11,Aidan Tallis,Kilkenny,Tipp,League,G,Started,70,,,
261,2,2023-02-11,Mikey Butler,Kilkenny,Tipp,League,FB,Started,40,,,
262,2,2023-02-11,Huw Lawlor,Kilkenny,Tipp,League,FB,Started,70,,,
263,2,2023-02-11,Conor Heary,Kilkenny,Tipp,League,FB,Started,35,,,
264,2,2023-02-11,Cillian Buckley,Kilkenny,Tipp,League,HB,Started,70,,,
265,2,2023-02-11,Padraig Walsh,Kilkenny,Tipp,League,HB,Started,70,1.0,,
266,2,2023-02-11,Darragh Corcoran,Kilkenny,Tipp,League,HB,Started,70,,,
267,2,2023-02-11,Paddy Deegan,Kilkenny,Tipp,League,M,Started,70,,,
268,2,2023-02-11,Killian Doyle,Kilkenny,Tipp,League,M,Started,35,,,
269,2,2023-02-11,Martin Keoghan,Kilkenny,Tipp,League,HF,Started,70,2.0,,1.0
270,2,2023-02-11,Cian Kenny,Kilkenny,Tipp,League,HF,Started,24,,,
271,2,2023-02-11,Billy Ryan,Kilkenny,Tipp,League,HF,Started,70,1.0,,
272,2,2023-02-11,Billy Drennan,Kilkenny,Tipp,League,FF,Started,70,2.0,8.0,
273,2,2023-02-11,Walter Walsh,Kilkenny,Tipp,League,FF,Started,70,1.0,,
274,2,2023-02-11,Shane Walsh,Kilkenny,Tipp,League,FF,Started,70,1.0,,
275,2,2023-02-11,John Donnelly,Kilkenny,Tipp,League,HF,Sub,46,4.0,,
276,2,2023-02-11,David Blanchfield,Kilkenny,Tipp,League,HB,Sub,35,,,
277,2,2023-02-11,Conor Fogarty,Kilkenny,Tipp,League,M,Sub,35,1.0,,
278,2,2023-02-11,Alan Murphy,Kilkenny,Tipp,League,FB,Sub,21,,,
279,2,2023-02-11,Gearoid Dunne,Kilkenny,Tipp,League,FB,Sub,9,,,
280,2,2023-02-11,Barry Hogan,Tipp,Kilkenny,League,G,Started,70,,,
281,2,2023-02-11,Cathal Barrett,Tipp,Kilkenny,League,FB,Started,12,,,
282,2,2023-02-11,Michael Breen,Tipp,Kilkenny,League,FB,Started,70,,,
283,2,2023-02-11,Johnny Ryan,Tipp,Kilkenny,League,FB,Started,70,,,
284,2,2023-02-11,Enda Heffernan,Tipp,Kilkenny,League,HB,Started,70,,,
285,2,2023-02-11,Pauric Campion,Tipp,Kilkenny,League,HB,Started,54,,,
286,2,2023-02-11,Ronan Maher,Tipp,Kilkenny,League,HB,Started,70,,,
287,2,2023-02-11,Paddy Cadell,Tipp,Kilkenny,League,M,Started,5,,,
288,2,2023-02-11,Dan McCormack,Tipp,Kilkenny,League,M,Started,70,,,
289,2,2023-02-11,Alan Tynan,Tipp,Kilkenny,League,HF,Started,70,1.0,,
290,2,2023-02-11,Noel McGrath,Tipp,Kilkenny,League,HF,Started,70,2.0,,
291,2,2023-02-11,Jake Morris,Tipp,Kilkenny,League,HF,Started,70,2.0,,1.0
292,2,2023-02-11,Jason Forde,Tipp,Kilkenny,League,FF,Started,67,6.0,9.0,1.0
293,2,2023-02-11,Seamus Callinan,Tipp,Kilkenny,League,FF,Started,53,,,
294,2,2023-02-11,Conor Bowe,Tipp,Kilkenny,League,FF,Started,70,2.0,,
295,2,2023-02-11,John Campion,Tipp,Kilkenny,League,M,Sub,56,1.0,,
296,2,2023-02-11,Eoghan Connolly,Tipp,Kilkenny,League,FB,Sub,58,,,
297,2,2023-02-11,Mark Kehoe,Tipp,Kilkenny,League,FF,Sub,17,1.0,,
298,2,2023-02-11,Bryan O Mara,Tipp,Kilkenny,League,HB,Sub,16,,,
299,2,2023-02-11,Seamus Kennedy,Tipp,Kilkenny,League,M,Sub,9,,,
300,2,2023-02-11,Sean Ryan,Tipp,Kilkenny,League,FF,Sub,3,,,
301,2,2023-02-11,Mark Fanning,Wexford,Westmeath,League,G,Started,70,,,
302,2,2023-02-11,Ian Carty,Wexford,Westmeath,League,FB,Started,57,1.0,,
303,2,2023-02-11,Damien Reck,Wexford,Westmeath,League,FB,Started,70,,,
304,2,2023-02-11,Conor Devitt,Wexford,Westmeath,League,FB,Started,70,,,
305,2,2023-02-11,David Clarke,Wexford,Westmeath,League,HB,Started,70,,,
306,2,2023-02-11,Conor Foley,Wexford,Westmeath,League,HB,Started,70,,,
307,2,2023-02-11,Simon Donohue,Wexford,Westmeath,League,HB,Started,70,,,
308,2,2023-02-11,Diarmuid O Keefe,Wexford,Westmeath,League,M,Started,54,,,
309,2,2023-02-11,Lee Chin,Wexford,Westmeath,League,M,Started,35,1.0,4.0,
310,2,2023-02-11,Conor Hearne,Wexford,Westmeath,League,HF,Started,70,3.0,,
311,2,2023-02-11,Liam Og McGovern,Wexford,Westmeath,League,HF,Started,70,1.0,,
312,2,2023-02-11,Charlie McGuckin,Wexford,Westmeath,League,HF,Started,70,2.0,,
313,2,2023-02-11,Cathal Dunbar,Wexford,Westmeath,League,FF,Started,59,2.0,,
314,2,2023-02-11,Conor McDonald,Wexford,Westmeath,League,FF,Started,67,2.0,,1.0
315,2,2023-02-11,Rory Higgins,Wexford,Westmeath,League,FF,Started,70,2.0,,
316,2,2023-02-11,Ross Banville,Wexford,Westmeath,League,M,Sub,35,,3.0,1.0
317,2,2023-02-11,Kevin Foley,Wexford,Westmeath,League,M,Sub,16,,,
318,2,2023-02-11,Jack O Connor,Wexford,Westmeath,League,FB,Sub,13,,,
319,2,2023-02-11,Corey Byrne Dunbar,Wexford,Westmeath,League,FF,Sub,11,2.0,,
320,2,2023-02-11,Mikie Dwyer,Wexford,Westmeath,League,FF,Sub,3,,,
321,3,2023-02-25,Barry Hogan,Tipp,Dublin,League,G,Started,70,,,
322,3,2023-02-25,Conor McCarthy,Tipp,Dublin,League,FB,Started,70,,,
323,3,2023-02-25,Bryan O Mara,Tipp,Dublin,League,FB,Started,70,,,
324,3,2023-02-25,Johnny Ryan,Tipp,Dublin,League,FB,Started,70,,,
325,3,2023-02-25,Michael Breen,Tipp,Dublin,League,HB,Started,70,,,
326,3,2023-02-25,Ronan Maher,Tipp,Dublin,League,HB,Started,70,,,
327,3,2023-02-25,Brian McGrath,Tipp,Dublin,League,HB,Started,34,1.0,,
328,3,2023-02-25,Conor Stakelum,Tipp,Dublin,League,M,Started,35,,,
329,3,2023-02-25,Dan McCormack,Tipp,Dublin,League,M,Started,70,,,
330,3,2023-02-25,Alan Tynan,Tipp,Dublin,League,HF,Started,70,2.0,,
331,3,2023-02-25,Gearoid O Connor,Tipp,Dublin,League,HF,Started,68,2.0,2.0,
332,3,2023-02-25,Seamus Kennedy,Tipp,Dublin,League,HF,Started,56,2.0,,
333,3,2023-02-25,Jason Forde,Tipp,Dublin,League,FF,Started,62,2.0,8.0,1.0
334,3,2023-02-25,Jake Morris,Tipp,Dublin,League,FF,Started,70,1.0,,
335,3,2023-02-25,Mark Kehoe,Tipp,Dublin,League,FF,Started,70,3.0,,
336,3,2023-02-25,Noel McGrath,Tipp,Dublin,League,M,Sub,36,,,
337,3,2023-02-25,Conor Bowe,Tipp,Dublin,League,M,Sub,35,,,1.0
338,3,2023-02-25,Seamus Callinan,Tipp,Dublin,League,FF,Sub,14,,,
339,3,2023-02-25,Patrick Maher,Tipp,Dublin,League,HF,Sub,8,,,
340,3,2023-02-25,Cian O Dwyer,Tipp,Dublin,League,HF,Sub,2,,,
341,3,2023-02-26,James Lawlor,Wexford,Clare,League,G,Started,70,,,
342,3,2023-02-26,Shane Reck,Wexford,Clare,League,FB,Started,70,,,
343,3,2023-02-26,Simon Donohue,Wexford,Clare,League,FB,Started,70,,,
344,3,2023-02-26,David Clarke,Wexford,Clare,League,FB,Started,70,,,
345,3,2023-02-26,Conor Foley,Wexford,Clare,League,HB,Started,45,1.0,,
346,3,2023-02-26,Damien Reck,Wexford,Clare,League,HB,Started,70,1.0,,
347,3,2023-02-26,Jack O Connor,Wexford,Clare,League,HB,Started,60,,,
348,3,2023-02-26,Liam Og McGovern,Wexford,Clare,League,M,Started,47,,,
349,3,2023-02-26,Cathal Dunbar,Wexford,Clare,League,M,Started,70,3.0,,
350,3,2023-02-26,Conor Hearne,Wexford,Clare,League,HF,Started,70,1.0,,
351,3,2023-02-26,Connal Flood,Wexford,Clare,League,HF,Started,55,,,
352,3,2023-02-26,Charlie McGuckin,Wexford,Clare,League,HF,Started,70,2.0,,
353,3,2023-02-26,Rory Higgins,Wexford,Clare,League,FF,Started,70,1.0,,
354,3,2023-02-26,Conor McDonald,Wexford,Clare,League,FF,Started,70,,,1.0
355,3,2023-02-26,Ross Banville,Wexford,Clare,League,FF,Started,70,,8.0,
356,3,2023-02-26,Ian Carty,Wexford,Clare,League,HB,Sub,25,1.0,,
357,3,2023-02-26,Corey Byrne Dunbar,Wexford,Clare,League,M,Sub,23,,,
358,3,2023-02-26,Jack Doran,Wexford,Clare,League,HF,Sub,15,,,
359,3,2023-02-26,Eoin Murphy,Wexford,Clare,League,HB,Sub,10,,,
360,3,2023-02-26,Eamonn Foudy,Clare,Wexford,League,G,Started,70,,1.0,
361,3,2023-02-26,Adam Hogan,Clare,Wexford,League,FB,Started,70,1.0,,
362,3,2023-02-26,Conor Cleary,Clare,Wexford,League,FB,Started,70,,,
363,3,2023-02-26,Paul Flanagan,Clare,Wexford,League,FB,Started,57,,,
364,3,2023-02-26,Diarmuid Ryan,Clare,Wexford,League,HB,Started,48,1.0,,
365,3,2023-02-26,John Conlon,Clare,Wexford,League,HB,Started,70,,,
366,3,2023-02-26,Brandon O Connell,Clare,Wexford,League,HB,Started,70,,,
367,3,2023-02-26,Tony Kelly,Clare,Wexford,League,M,Started,70,2.0,,1.0
368,3,2023-02-26,Ryan Taylor,Clare,Wexford,League,M,Started,66,1.0,,
369,3,2023-02-26,David Fitzgerald,Clare,Wexford,League,HF,Started,70,3.0,,
370,3,2023-02-26,Peter Duggan,Clare,Wexford,League,HF,Started,70,1.0,,1.0
371,3,2023-02-26,Cathal Malone,Clare,Wexford,League,HF,Started,55,1.0,,
372,3,2023-02-26,Ian Galvin,Clare,Wexford,League,FF,Started,42,2.0,,
373,3,2023-02-26,Aidan McCarthy,Clare,Wexford,League,FF,Started,70,4.0,6.0,1.0
374,3,2023-02-26,David Reidy,Clare,Wexford,League,FF,Started,70,1.0,,2.0
375,3,2023-02-26,Mark Rogers,Clare,Wexford,League,FF,Sub,28,,,1.0
376,3,2023-02-26,Oran Cahill,Clare,Wexford,League,HB,Sub,22,,,
377,3,2023-02-26,Davy Conroy,Clare,Wexford,League,HF,Sub,15,1.0,,
378,3,2023-02-26,Aaron Fitzgerald,Clare,Wexford,League,FB,Sub,13,,,
379,3,2023-02-26,Seadna Morey,Clare,Wexford,League,M,Sub,4,,,
380,3,2023-02-26,Patrick Collins,Cork,Westmeath,League,G,Started,70,,,
381,3,2023-02-26,Eoin Roche,Cork,Westmeath,League,FB,Started,70,,,
382,3,2023-02-26,Niall O Leary,Cork,Westmeath,League,FB,Started,70,,,
383,3,2023-02-26,Ger Millerick,Cork,Westmeath,League,FB,Started,35,,,
384,3,2023-02-26,Cormac O Brien,Cork,Westmeath,League,HB,Started,70,1.0,,
385,3,2023-02-26,Tommy O Connell,Cork,Westmeath,League,HB,Started,70,1.0,,
386,3,2023-02-26,Daire O Leary,Cork,Westmeath,League,HB,Started,45,,,
387,3,2023-02-26,Sam Quirke,Cork,Westmeath,League,M,Started,60,,,
388,3,2023-02-26,Ethan Twomey,Cork,Westmeath,League,M,Started,70,1.0,,
389,3,2023-02-26,Ben Cunningham,Cork,Westmeath,League,HF,Started,49,1.0,,
390,3,2023-02-26,Luke Meade,Cork,Westmeath,League,HF,Started,70,,,
391,3,2023-02-26,Conor Cahalane,Cork,Westmeath,League,HF,Started,70,3.0,,
392,3,2023-02-26,Shane Kingston,Cork,Westmeath,League,FF,Started,70,1.0,6.0,1.0
393,3,2023-02-26,Brian Hayes,Cork,Westmeath,League,FF,Started,70,2.0,,
394,3,2023-02-26,Shane Barrett,Cork,Westmeath,League,FF,Started,67,2.0,,1.0
395,3,2023-02-26,Eoin Downey,Cork,Westmeath,League,FB,Sub,35,,,
396,3,2023-02-26,Cathal Cormack,Cork,Westmeath,League,HB,Sub,25,1.0,,
397,3,2023-02-26,Padraig Power,Cork,Westmeath,League,HF,Sub,21,2.0,,
398,3,2023-02-26,Daire Connery,Cork,Westmeath,League,M,Sub,10,,,
399,3,2023-02-26,Colin Walsh,Cork,Westmeath,League,FF,Sub,3,,,
400,3,2023-02-26,Darach Fahy,Galway,Limerick,League,G,Started,70,,,
401,3,2023-02-26,Jack Grealish,Galway,Limerick,League,FB,Started,35,,,
402,3,2023-02-26,Gearoid McInerney,Galway,Limerick,League,FB,Started,70,,,
403,3,2023-02-26,TJ Brennan,Galway,Limerick,League,FB,Started,70,,,
404,3,2023-02-26,Cathal Mannion,Galway,Limerick,League,HB,Started,70,,,
405,3,2023-02-26,Tiernan Killeen,Galway,Limerick,League,HB,Started,70,,,
406,3,2023-02-26,Joesph Cooney,Galway,Limerick,League,HB,Started,70,,,
407,3,2023-02-26,Sean Linnane,Galway,Limerick,League,M,Started,70,1.0,,
408,3,2023-02-26,Cianan Fahy,Galway,Limerick,League,M,Started,70,1.0,,
409,3,2023-02-26,Tom Monaghan,Galway,Limerick,League,HF,Started,70,3.0,,
410,3,2023-02-26,Conor Cooney,Galway,Limerick,League,HF,Started,70,3.0,9.0,
411,3,2023-02-26,Donal O Shea,Galway,Limerick,League,HF,Started,35,,,
412,3,2023-02-26,Jason Flynn,Galway,Limerick,League,FF,Started,35,,,
413,3,2023-02-26,Kevin Cooney,Galway,Limerick,League,FF,Started,70,2.0,,
414,3,2023-02-26,Martin McManus,Galway,Limerick,League,FF,Started,67,,,
415,3,2023-02-26,Darren Morrissey,Galway,Limerick,League,FB,Sub,35,,,
416,3,2023-02-26,Conor Whelan,Galway,Limerick,League,FF,Sub,35,,,
417,3,2023-02-26,Brian Concannon,Galway,Limerick,League,FF,Sub,35,,,
418,3,2023-02-26,Liam Collins,Galway,Limerick,League,FF,Sub,3,,,
419,3,2023-02-26,Nicky Quaid,Limerick,Galway,League,G,Started,70,,,
420,3,2023-02-26,Sean Finn,Limerick,Galway,League,FB,Started,70,,,
421,3,2023-02-26,Richie English,Limerick,Galway,League,FB,Started,70,,,
422,3,2023-02-26,Barry Nash,Limerick,Galway,League,FB,Started,70,,,
423,3,2023-02-26,Ciaran Barry,Limerick,Galway,League,HB,Started,70,,,
424,3,2023-02-26,Dan Morrissey,Limerick,Galway,League,HB,Started,70,,,
425,3,2023-02-26,Kyle Hayes,Limerick,Galway,League,HB,Started,70,3.0,,
426,3,2023-02-26,Darragh O Donovan,Limerick,Galway,League,M,Started,70,,,
427,3,2023-02-26,Will O Donoghue,Limerick,Galway,League,M,Started,59,,,
428,3,2023-02-26,Tom Morrissey,Limerick,Galway,League,HF,Started,70,5.0,3.0,
429,3,2023-02-26,Cian Lynch,Limerick,Galway,League,HF,Started,58,3.0,,
430,3,2023-02-26,Michael Houlihan,Limerick,Galway,League,HF,Started,45,,4.0,
431,3,2023-02-26,Shane O Brien,Limerick,Galway,League,FF,Started,70,2.0,,
432,3,2023-02-26,Seamus Flanagan,Limerick,Galway,League,FF,Started,66,1.0,,
433,3,2023-02-26,Peter Casey,Limerick,Galway,League,FF,Started,70,2.0,,
434,3,2023-02-26,Conor Boylan,Limerick,Galway,League,HF,Sub,25,,,
435,3,2023-02-26,Gearoid Hegarty,Limerick,Galway,League,HF,Sub,12,,,
436,3,2023-02-26,Adam English,Limerick,Galway,League,M,Sub,11,,,
437,3,2023-02-26,Donnacha O Dalaigh,Limerick,Galway,League,FF,Sub,4,1.0,,
438,3,2023-02-26,Shaun O Brien,Waterford,Antrim,League,G,Started,70,,,
439,3,2023-02-26,Conor Gleeson,Waterford,Antrim,League,FB,Started,70,,,
440,3,2023-02-26,Conor Prunty,Waterford,Antrim,League,FB,Started,70,2.0,,
441,3,2023-02-26,Conor Ryan,Waterford,Antrim,League,FB,Started,70,1.0,,
442,3,2023-02-26,Shane McNulty,Waterford,Antrim,League,HB,Started,35,,,
443,3,2023-02-26,Calum Lyons,Waterford,Antrim,League,HB,Started,70,3.0,,
444,3,2023-02-26,Jack Fagan,Waterford,Antrim,League,HB,Started,70,1.0,,
445,3,2023-02-26,Gavin Fives,Waterford,Antrim,League,M,Started,70,,,
446,3,2023-02-26,Paddy Leavy,Waterford,Antrim,League,M,Started,66,1.0,,
447,3,2023-02-26,Jamie Barron,Waterford,Antrim,League,HF,Started,70,1.0,,
448,3,2023-02-26,Patrick Curran,Waterford,Antrim,League,HF,Started,54,2.0,2.0,1.0
449,3,2023-02-26,Neil Montgomery,Waterford,Antrim,League,HF,Started,70,1.0,,
450,3,2023-02-26,Jack Prendergast,Waterford,Antrim,League,FF,Started,70,1.0,,
451,3,2023-02-26,DJ Foran,Waterford,Antrim,League,FF,Started,70,1.0,,
452,3,2023-02-26,Reuben Halloran,Waterford,Antrim,League,FF,Started,45,,,
453,3,2023-02-26,Carthach Daly,Waterford,Antrim,League,HB,Sub,35,1.0,4.0,
454,3,2023-02-26,Austin Gleeson,Waterford,Antrim,League,FF,Sub,25,,,
455,3,2023-02-26,Padraig Fitzgerald,Waterford,Antrim,League,HF,Sub,16,1.0,,
456,3,2023-02-26,Colin Dunford,Waterford,Antrim,League,M,Sub,4,,,
457,3,2023-02-26,Eoin Murphy,Kilkenny,Laois,League,G,Started,70,1.0,,
458,3,2023-02-26,Niall Rowe,Kilkenny,Laois,League,FB,Started,70,,,
459,3,2023-02-26,Conor Delaney,Kilkenny,Laois,League,FB,Started,70,,,
460,3,2023-02-26,Padraig Walsh,Kilkenny,Laois,League,FB,Started,70,1.0,,
461,3,2023-02-26,Tommy Walsh,Kilkenny,Laois,League,HB,Started,35,1.0,,
462,3,2023-02-26,Richie Reid,Kilkenny,Laois,League,HB,Started,70,,,
463,3,2023-02-26,Cillian Buckley,Kilkenny,Laois,League,HB,Started,70,1.0,,
464,3,2023-02-26,Paddy Deegan,Kilkenny,Laois,League,M,Started,70,2.0,,
465,3,2023-02-26,Paddy Mullen,Kilkenny,Laois,League,M,Started,46,2.0,,
466,3,2023-02-26,Billy Ryan,Kilkenny,Laois,League,HF,Started,70,2.0,,
467,3,2023-02-26,John Donnelly,Kilkenny,Laois,League,HF,Started,62,3.0,,
468,3,2023-02-26,Eoin Cody,Kilkenny,Laois,League,HF,Started,70,2.0,2.0,
469,3,2023-02-26,Billy Drennan,Kilkenny,Laois,League,FF,Started,56,3.0,8.0,
470,3,2023-02-26,Martin Keoghan,Kilkenny,Laois,League,FF,Started,70,4.0,,
471,3,2023-02-26,Gearoid Dunne,Kilkenny,Laois,League,FF,Started,51,1.0,,
472,3,2023-02-26,Shane Murphy,Kilkenny,Laois,League,HB,Sub,35,,,
473,3,2023-02-26,Alan Murphy,Kilkenny,Laois,League,M,Sub,24,1.0,,
474,3,2023-02-26,Timmy Clifford,Kilkenny,Laois,League,FF,Sub,19,,,
475,3,2023-02-26,Walter Walsh,Kilkenny,Laois,League,FF,Sub,14,,,
476,3,2023-02-26,Cian Kenny,Kilkenny,Laois,League,HF,Sub,8,,,
477,4,2023-03-12,Eoin Murphy,Kilkenny,Dublin,League,G,Started,35,,,
478,4,2023-03-12,Tommy Walsh,Kilkenny,Dublin,League,FB,Started,70,,,
479,4,2023-03-12,Conor Delaney,Kilkenny,Dublin,League,FB,Started,70,,,
480,4,2023-03-12,Padraig Walsh,Kilkenny,Dublin,League,FB,Started,70,2.0,,
481,4,2023-03-12,Cian Kenny,Kilkenny,Dublin,League,HB,Started,70,1.0,,
482,4,2023-03-12,Richie Reid,Kilkenny,Dublin,League,HB,Started,70,,,
483,4,2023-03-12,Cillian Buckley,Kilkenny,Dublin,League,HB,Started,62,,,
484,4,2023-03-12,Conor Fogarty,Kilkenny,Dublin,League,M,Started,60,,,
485,4,2023-03-12,Paddy Mullen,Kilkenny,Dublin,League,M,Started,46,1.0,,
486,4,2023-03-12,Billy Ryan,Kilkenny,Dublin,League,HF,Started,70,2.0,,
487,4,2023-03-12,John Donnelly,Kilkenny,Dublin,League,HF,Started,70,1.0,,
488,4,2023-03-12,Paddy Deegan,Kilkenny,Dublin,League,HF,Started,70,3.0,,
489,4,2023-03-12,Billy Drennan,Kilkenny,Dublin,League,FF,Started,70,5.0,8.0,
490,4,2023-03-12,Martin Keoghan,Kilkenny,Dublin,League,FF,Started,35,,,
491,4,2023-03-12,Eoin Cody,Kilkenny,Dublin,League,FF,Started,70,2.0,,2.0
492,4,2023-03-12,Darren Brennan,Kilkenny,Dublin,League,GK,Sub,35,,,
493,4,2023-03-12,Walter Walsh,Kilkenny,Dublin,League,FF,Sub,35,,,
494,4,2023-03-12,Timmy Clifford,Kilkenny,Dublin,League,M,Sub,24,,,
495,4,2023-03-12,Ronan Corcoran,Kilkenny,Dublin,League,M,Sub,10,,,
496,4,2023-03-12,David Blanchfield,Kilkenny,Dublin,League,HB,Sub,8,,,
497,4,2023-03-12,Patrick Collins,Cork,Wexford,League,G,Started,70,,,
498,4,2023-03-12,Niall O Leary,Cork,Wexford,League,FB,Started,70,,,
499,4,2023-03-12,Eoin Downey,Cork,Wexford,League,FB,Started,70,,,
500,4,2023-03-12,Eoin Roche,Cork,Wexford,League,FB,Started,70,,,
501,4,2023-03-12,Ethan Twomey,Cork,Wexford,League,HB,Started,4,,,
502,4,2023-03-12,Ciaran Joyce,Cork,Wexford,League,HB,Started,70,,,
503,4,2023-03-12,Tommy O Connell,Cork,Wexford,League,HB,Started,70,,,
504,4,2023-03-12,Brian Roche,Cork,Wexford,League,M,Started,70,,,
505,4,2023-03-12,Luke Meade,Cork,Wexford,League,M,Started,49,,,
506,4,2023-03-12,Declan Dalton,Cork,Wexford,League,HF,Started,45,,,
507,4,2023-03-12,Conor Cahalane,Cork,Wexford,League,HF,Started,70,,,
508,4,2023-03-12,Shane Barrett,Cork,Wexford,League,HF,Started,70,3.0,,
509,4,2023-03-12,Shane Kingston,Cork,Wexford,League,FF,Started,70,1.0,7.0,
510,4,2023-03-12,Padraig Power,Cork,Wexford,League,FF,Started,69,1.0,,1.0
511,4,2023-03-12,Brian Hayes,Cork,Wexford,League,FF,Started,45,1.0,,
512,4,2023-03-12,Seamus Harnedy,Cork,Wexford,League,HF,Sub,25,,,
513,4,2023-03-12,Jack O Connor,Cork,Wexford,League,FF,Sub,25,1.0,,
514,4,2023-03-12,Rob Downey,Cork,Wexford,League,HB,Sub,21,,,
515,4,2023-03-12,Cormac Beausang,Cork,Wexford,League,M,Sub,4,,,1.0
516,4,2023-03-12,Alan Cadogan,Cork,Wexford,League,FF,Sub,1,,,
517,4,2023-03-12,James Lawlor,Wexford,Cork,League,G,Started,70,,,
518,4,2023-03-12,Simon Donohue,Wexford,Cork,League,FB,Started,70,2.0,,
519,4,2023-03-12,Matthew O'Hanlon,Wexford,Cork,League,FB,Started,55,,,
520,4,2023-03-12,Shane Reck,Wexford,Cork,League,FB,Started,70,,,
521,4,2023-03-12,Ian Carty,Wexford,Cork,League,HB,Started,70,,,
522,4,2023-03-12,Damien Reck,Wexford,Cork,League,HB,Started,33,,,
523,4,2023-03-12,Connal Flood,Wexford,Cork,League,HB,Started,70,,,
524,4,2023-03-12,Diarmuid O Keefe,Wexford,Cork,League,M,Started,70,,,
525,4,2023-03-12,Cathal Dunbar,Wexford,Cork,League,M,Started,70,,,
526,4,2023-03-12,Conor Hearne,Wexford,Cork,League,HF,Started,70,1.0,,
527,4,2023-03-12,Liam Og McGovern,Wexford,Cork,League,HF,Started,43,,,
528,4,2023-03-12,Charlie McGuckin,Wexford,Cork,League,HF,Started,70,1.0,,
529,4,2023-03-12,Lee Chin,Wexford,Cork,League,FF,Started,70,5.0,4.0,
530,4,2023-03-12,Conor McDonald,Wexford,Cork,League,FF,Started,14,1.0,,
531,4,2023-03-12,Rory Higgins,Wexford,Cork,League,FF,Started,52,2.0,,
532,4,2023-03-12,Mikie Dwyer,Wexford,Cork,League,FF,Sub,56,2.0,,
533,4,2023-03-12,Kevin Foley,Wexford,Cork,League,HB,Sub,37,,,
534,4,2023-03-12,Jack O Connor,Wexford,Cork,League,HF,Sub,27,,,
535,4,2023-03-12,Rory O Connor,Wexford,Cork,League,FF,Sub,18,,,
536,4,2023-03-12,David Clarke,Wexford,Cork,League,FB,Sub,15,,,
537,4,2023-03-12,J Power,Limerick,Westmeath,League,G,Started,70,,,
538,4,2023-03-12,F O'Connor,Limerick,Westmeath,League,FB,Started,70,,,
539,4,2023-03-12,Dan Morrissey,Limerick,Westmeath,League,FB,Started,52,,,
540,4,2023-03-12,Barry Nash,Limerick,Westmeath,League,FB,Started,70,,,
541,4,2023-03-12,Diarmuid Byrnes,Limerick,Westmeath,League,HB,Started,56,,,
542,4,2023-03-12,R Connolly,Limerick,Westmeath,League,HB,Started,70,,,
543,4,2023-03-12,Colin Coughlan,Limerick,Westmeath,League,HB,Started,70,,,
544,4,2023-03-12,B Murphy,Limerick,Westmeath,League,M,Started,70,,,
545,4,2023-03-12,Will O Donoghue,Limerick,Westmeath,League,M,Started,70,,,
546,4,2023-03-12,Tom Morrissey,Limerick,Westmeath,League,HF,Started,69,,,
547,4,2023-03-12,Cathal O'Neill,Limerick,Westmeath,League,HF,Started,70,,,
548,4,2023-03-12,Conor Boylan,Limerick,Westmeath,League,HF,Started,70,,,
549,4,2023-03-12,Donnacha O Dalaigh,Limerick,Westmeath,League,FF,Started,52,,,
550,4,2023-03-12,Seamus Flanagan,Limerick,Westmeath,League,FF,Started,63,,,
551,4,2023-03-12,Peter Casey,Limerick,Westmeath,League,FF,Started,70,,,
552,4,2023-03-12,Mike Casey,Limerick,Westmeath,League,FB,Sub,18,,,
553,4,2023-03-12,Oisin O Reilly,Limerick,Westmeath,League,FF,Sub,18,,,
554,4,2023-03-12,M Quinlan,Limerick,Westmeath,League,HB,Sub,14,,,
555,4,2023-03-12,Aaron Gillane,Limerick,Westmeath,League,FF,Sub,7,,,
556,4,2023-03-12,A O'Connor,Limerick,Westmeath,League,HF,Sub,1,,,
557,4,2023-03-12,Eamonn Foudy,Clare,Galway,League,G,Started,70,,,
558,4,2023-03-12,Adam Hogan,Clare,Galway,League,FB,Started,70,,,
559,4,2023-03-12,Conor Cleary,Clare,Galway,League,FB,Started,70,,,
560,4,2023-03-12,Paul Flanagan,Clare,Galway,League,FB,Started,70,,,
561,4,2023-03-12,Diarmuid Ryan,Clare,Galway,League,HB,Started,44,,,
562,4,2023-03-12,John Conlon,Clare,Galway,League,HB,Started,70,,,
563,4,2023-03-12,Cian Galvin,Clare,Galway,League,HB,Started,70,1.0,,
564,4,2023-03-12,Cathal Malone,Clare,Galway,League,M,Started,70,1.0,,
565,4,2023-03-12,Tony Kelly,Clare,Galway,League,M,Started,70,,,
566,4,2023-03-12,David Fitzgerald,Clare,Galway,League,HF,Started,70,4.0,,
567,4,2023-03-12,Peter Duggan,Clare,Galway,League,HF,Started,54,1.0,,
568,4,2023-03-12,Ryan Taylor,Clare,Galway,League,HF,Started,70,1.0,,
569,4,2023-03-12,David Reidy,Clare,Galway,League,FF,Started,67,3.0,,
570,4,2023-03-12,Aidan McCarthy,Clare,Galway,League,FF,Started,62,1.0,6.0,
571,4,2023-03-12,David Conroy,Clare,Galway,League,FF,Started,45,,,
572,4,2023-03-12,Brandon O Connell,Clare,Galway,League,HB,Sub,26,,,
573,4,2023-03-12,Robyn Mounsey,Clare,Galway,League,FF,Sub,25,1.0,,
574,4,2023-03-12,Seadna Morey,Clare,Galway,League,HF,Sub,16,1.0,,
575,4,2023-03-12,Ian Galvin,Clare,Galway,League,FF,Sub,8,2.0,,
576,4,2023-03-12,Aron Shanagher,Clare,Galway,League,FF,Sub,3,,,
577,4,2023-03-12,Eanna Murphy,Galway,Clare,League,G,Started,70,,,
578,4,2023-03-12,Jack Grealish,Galway,Clare,League,FB,Started,70,,,
579,4,2023-03-12,Gearoid McInerney,Galway,Clare,League,FB,Started,70,,,
580,4,2023-03-12,TJ Brennan,Galway,Clare,League,FB,Started,70,,,
581,4,2023-03-12,Padraic Mannion,Galway,Clare,League,HB,Started,70,,,
582,4,2023-03-12,Daithi Burke,Galway,Clare,League,HB,Started,57,2.0,,
583,4,2023-03-12,Joseph Cooney,Galway,Clare,League,HB,Started,70,1.0,,
584,4,2023-03-12,Ronan Glennon,Galway,Clare,League,M,Started,52,1.0,,
585,4,2023-03-12,Tom Monaghan,Galway,Clare,League,M,Started,70,2.0,,
586,4,2023-03-12,Conor Cooney,Galway,Clare,League,HF,Started,70,5.0,,
587,4,2023-03-12,Brian Concannon,Galway,Clare,League,HF,Started,69,1.0,,
588,4,2023-03-12,Cianan Fahy,Galway,Clare,League,HF,Started,67,,,
589,4,2023-03-12,Evan Niland,Galway,Clare,League,FF,Started,70,3.0,6.0,
590,4,2023-03-12,Conor Whelan,Galway,Clare,League,FF,Started,70,,,1.0
591,4,2023-03-12,Kevin Cooney,Galway,Clare,League,FF,Started,70,2.0,,
592,4,2023-03-12,Sean Linnane,Galway,Clare,League,M,Sub,18,1.0,,
593,4,2023-03-12,Tiernan Killeen,Galway,Clare,League,HB,Sub,13,,,
594,4,2023-03-12,David Burke,Galway,Clare,League,HF,Sub,3,,,
595,4,2023-03-12,Declan McLoughlin,Galway,Clare,League,HF,Sub,1,,,
596,4,2023-03-12,Rhys Shelly,Tipp,Waterford,League,G,Started,70,,,
597,4,2023-03-12,Johnny Ryan,Tipp,Waterford,League,FB,Started,70,,,
598,4,2023-03-12,Michael Breen,Tipp,Waterford,League,FB,Started,70,,,
599,4,2023-03-12,Eoghan Connolly,Tipp,Waterford,League,FB,Started,70,,,
600,4,2023-03-12,Dan McCormack,Tipp,Waterford,League,HB,Started,70,,,
601,4,2023-03-12,Bryan O Mara,Tipp,Waterford,League,HB,Started,70,,,
602,4,2023-03-12,Ronan Maher,Tipp,Waterford,League,HB,Started,70,,,
603,4,2023-03-12,Conor Stakelum,Tipp,Waterford,League,M,Started,70,2.0,,
604,4,2023-03-12,Alan Tynan,Tipp,Waterford,League,M,Started,48,1.0,,
605,4,2023-03-12,Gearoid O Connor,Tipp,Waterford,League,HF,Started,57,1.0,8.0,
606,4,2023-03-12,Noel McGrath,Tipp,Waterford,League,HF,Started,69,1.0,,
607,4,2023-03-12,Seamus Kennedy,Tipp,Waterford,League,HF,Started,70,1.0,,
608,4,2023-03-12,Jake Morris,Tipp,Waterford,League,FF,Started,70,,,3.0
609,4,2023-03-12,Patrick Maher,Tipp,Waterford,League,FF,Started,70,1.0,,
610,4,2023-03-12,Seamus Callinan,Tipp,Waterford,League,FF,Started,20,,,
611,4,2023-03-12,Mark Kehoe,Tipp,Waterford,League,FF,Sub,50,,,
612,4,2023-03-12,Jason Forde,Tipp,Waterford,League,HF,Sub,22,5.0,1.0,
613,4,2023-03-12,Conor Bowe,Tipp,Waterford,League,HF,Sub,10,,,1.0
614,4,2023-03-12,John McGrath,Tipp,Waterford,League,HF,Sub,3,,,
615,4,2023-03-12,John Campion,Tipp,Waterford,League,HF,Sub,1,,,
616,4,2023-03-12,Billy Nolan,Waterford,Tipp,League,G,Started,70,,,
617,4,2023-03-12,Conor Prunty,Waterford,Tipp,League,FB,Started,35,,,
618,4,2023-03-12,Iarlaith Daly,Waterford,Tipp,League,FB,Started,70,1.0,,
619,4,2023-03-12,Mark Fitzgerald,Waterford,Tipp,League,FB,Started,70,,,
620,4,2023-03-12,Calum Lyons,Waterford,Tipp,League,HB,Started,70,4.0,,
621,4,2023-03-12,Tadhg de Burca,Waterford,Tipp,League,HB,Started,70,,,
622,4,2023-03-12,Shane McNulty,Waterford,Tipp,League,HB,Started,70,,,
623,4,2023-03-12,Austin Gleeson,Waterford,Tipp,League,M,Started,30,,,
624,4,2023-03-12,Jamie Barron,Waterford,Tipp,League,M,Started,70,2.0,,
625,4,2023-03-12,Neil Montgomery,Waterford,Tipp,League,HF,Started,70,1.0,,
626,4,2023-03-12,Jack Prendergast,Waterford,Tipp,League,HF,Started,70,3.0,,
627,4,2023-03-12,Patrick Curran,Waterford,Tipp,League,HF,Started,35,,,
628,4,2023-03-12,Dessie Hutchinson,Waterford,Tipp,League,FF,Started,70,1.0,,
629,4,2023-03-12,Stephen Bennett,Waterford,Tipp,League,FF,Started,59,,8.0,
630,4,2023-03-12,Colin Dunford,Waterford,Tipp,League,FF,Started,64,1.0,,
631,4,2023-03-12,Carthach Daly,Waterford,Tipp,League,HF,Sub,35,,,
632,4,2023-03-12,Kevin Mahony,Waterford,Tipp,League,M,Sub,40,,,
633,4,2023-03-12,Conor Ryan,Waterford,Tipp,League,FB,Sub,35,,,
634,4,2023-03-12,Patrick Fitzgerald,Waterford,Tipp,League,FF,Sub,11,1.0,2.0,
635,4,2023-03-12,Paudie Fitzgerald,Waterford,Tipp,League,FF,Sub,6,1.0,,
636,5,2023-03-19,Ger Collins,Cork,Clare,League,G,Started,70,,,
637,5,2023-03-19,Niall O Leary,Cork,Clare,League,FB,Started,70,,,
638,5,2023-03-19,Daire O Leary,Cork,Clare,League,FB,Started,58,,,
639,5,2023-03-19,Eoin Roche,Cork,Clare,League,FB,Started,70,,,
640,5,2023-03-19,Cathal Cormack,Cork,Clare,League,HB,Started,70,,,
641,5,2023-03-19,Robert Downey,Cork,Clare,League,HB,Started,70,,,
642,5,2023-03-19,Cormac O Brien,Cork,Clare,League,HB,Started,70,,,
643,5,2023-03-19,Brian Roche,Cork,Clare,League,M,Started,55,1.0,,
644,5,2023-03-19,Ethan Twomey,Cork,Clare,League,M,Started,70,,,
645,5,2023-03-19,Declan Dalton,Cork,Clare,League,HF,Started,34,1.0,3.0,
646,5,2023-03-19,Seamus Harnedy,Cork,Clare,League,HF,Started,29,3.0,,1.0
647,5,2023-03-19,Brian Hayes,Cork,Clare,League,HF,Started,70,2.0,,
648,5,2023-03-19,Alan Cadogan,Cork,Clare,League,FF,Started,45,1.0,,
649,5,2023-03-19,Padraig Power,Cork,Clare,League,FF,Started,70,1.0,,1.0
650,5,2023-03-19,Jack O Connor,Cork,Clare,League,FF,Started,70,1.0,,
651,5,2023-03-19,Conor Lehane,Cork,Clare,League,HF,Sub,41,1.0,3.0,
652,5,2023-03-19,Conor Cahalane,Cork,Clare,League,HF,Sub,36,1.0,,
653,5,2023-03-19,Shane Kingston,Cork,Clare,League,FF,Sub,25,,,
654,5,2023-03-19,Ger Millerick,Cork,Clare,League,M,Sub,15,,,
655,5,2023-03-19,Damien Cahalane,Cork,Clare,League,FB,Sub,12,,,
656,5,2023-03-19,Eibhear Quilligan,Clare,Cork,League,G,Started,70,,,
657,5,2023-03-19,Aaron Fitzgerald,Clare,Cork,League,FB,Started,35,,,
658,5,2023-03-19,Conor Cleary,Clare,Cork,League,FB,Started,70,,,
659,5,2023-03-19,Paul Flanagan,Clare,Cork,League,FB,Started,70,,,
660,5,2023-03-19,Diarmuid Ryan,Clare,Cork,League,HB,Started,70,1.0,,
661,5,2023-03-19,John Conlon,Clare,Cork,League,HB,Started,70,,,
662,5,2023-03-19,David McInerney,Clare,Cork,League,HB,Started,70,,,
663,5,2023-03-19,Seadna Morey,Clare,Cork,League,M,Started,62,,,
664,5,2023-03-19,Tony Kelly,Clare,Cork,League,M,Started,70,,,
665,5,2023-03-19,David Fitzgerald,Clare,Cork,League,HF,Started,70,3.0,,
666,5,2023-03-19,Cathal Malone,Clare,Cork,League,HF,Started,70,,,
667,5,2023-03-19,Ryan Taylor,Clare,Cork,League,HF,Started,68,1.0,,
668,5,2023-03-19,David Reidy,Clare,Cork,League,FF,Started,57,,,1.0
669,5,2023-03-19,Aidan McCarthy,Clare,Cork,League,FF,Started,70,2.0,9.0,1.0
670,5,2023-03-19,Ian Galvin,Clare,Cork,League,FF,Started,57,1.0,,
671,5,2023-03-19,Darragh Lohan,Clare,Cork,League,FB,Sub,35,,,
672,5,2023-03-19,Peter Duggan,Clare,Cork,League,FF,Sub,13,,,
673,5,2023-03-19,Robyn Mounsey,Clare,Cork,League,FF,Sub,13,1.0,,
674,5,2023-03-19,David Conroy,Clare,Cork,League,M,Sub,8,,,
675,5,2023-03-19,Jack Kirwan,Clare,Cork,League,HF,Sub,2,,,
676,5,2023-03-19,Nicky Quaid,Limerick,Wexford,League,G,Started,70,,,
677,5,2023-03-19,Mike Casey,Limerick,Wexford,League,FB,Started,70,,,
678,5,2023-03-19,Dan Morrissey,Limerick,Wexford,League,FB,Started,70,,,
679,5,2023-03-19,Richie English,Limerick,Wexford,League,FB,Started,62,,,
680,5,2023-03-19,Diarmuid Byrnes,Limerick,Wexford,League,HB,Started,70,,,
681,5,2023-03-19,Declan Hannon,Limerick,Wexford,League,HB,Started,70,,,
682,5,2023-03-19,Kyle Hayes,Limerick,Wexford,League,HB,Started,70,,,
683,5,2023-03-19,Barry Murphy,Limerick,Wexford,League,M,Started,70,,,
684,5,2023-03-19,Darragh O Donovan,Limerick,Wexford,League,M,Started,54,,,
685,5,2023-03-19,Michael Houlihan,Limerick,Wexford,League,HF,Started,70,,,
686,5,2023-03-19,Cathal O'Neill,Limerick,Wexford,League,HF,Started,70,,,
687,5,2023-03-19,Gearoid Hegarty,Limerick,Wexford,League,HF,Started,68,,,
688,5,2023-03-19,Aaron Gillane,Limerick,Wexford,League,FF,Started,54,,,
689,5,2023-03-19,Conor Boylan,Limerick,Wexford,League,FF,Started,54,,,
690,5,2023-03-19,Seamus Flanagan,Limerick,Wexford,League,FF,Started,70,,,
691,5,2023-03-19,Tom Morrissey,Limerick,Wexford,League,M,Sub,16,,,
692,5,2023-03-19,Donnacha O Dalaigh,Limerick,Wexford,League,FF,Sub,16,,,
693,5,2023-03-19,Colin Coughlan,Limerick,Wexford,League,FB,Sub,6,,,
694,5,2023-03-19,Oisin O Reilly,Limerick,Wexford,League,FF,Sub,6,,,
695,5,2023-03-19,A O'Connor,Limerick,Wexford,League,HF,Sub,2,,,
696,5,2023-03-19,Mark Fanning,Wexford,Limerick,League,G,Started,70,,,
697,5,2023-03-19,Conor Foley,Wexford,Limerick,League,FB,Started,70,,,
698,5,2023-03-19,Simon Donohue,Wexford,Limerick,League,FB,Started,70,,,
699,5,2023-03-19,Shane Reck,Wexford,Limerick,League,FB,Started,70,,,
700,5,2023-03-19,Ian Carty,Wexford,Limerick,League,HB,Started,67,2.0,,
701,5,2023-03-19,Kevin Foley,Wexford,Limerick,League,HB,Started,56,,,
702,5,2023-03-19,N Murphy,Wexford,Limerick,League,HB,Started,70,,,
703,5,2023-03-19,Cathal Dunbar,Wexford,Limerick,League,M,Started,70,,,
704,5,2023-03-19,Rory O Connor,Wexford,Limerick,League,M,Started,70,,,
705,5,2023-03-19,Conor Hearne,Wexford,Limerick,League,HF,Started,62,1.0,,
706,5,2023-03-19,Lee Chin,Wexford,Limerick,League,HF,Started,70,1.0,10.0,
707,5,2023-03-19,Charlie McGuckin,Wexford,Limerick,League,HF,Started,70,,,
708,5,2023-03-19,Rory Higgins,Wexford,Limerick,League,FF,Started,67,,,
709,5,2023-03-19,Mikie Dwyer,Wexford,Limerick,League,FF,Started,70,,,
710,5,2023-03-19,Jack O Connor,Wexford,Limerick,League,FF,Started,70,1.0,,
711,5,2023-03-19,K Scallan,Wexford,Limerick,League,HB,Sub,14,,,
712,5,2023-03-19,Corey Byrne Dunbar,Wexford,Limerick,League,HF,Sub,8,,,
713,5,2023-03-19,C Clancy,Wexford,Limerick,League,FF,Sub,3,,,
714,5,2023-03-19,D Carley,Wexford,Limerick,League,HB,Sub,3,,,
715,5,2023-03-19,Eanna Murphy,Galway,Westmeath,League,G,Started,70,,,
716,5,2023-03-19,Darren Morrissey,Galway,Westmeath,League,FB,Started,70,,,
717,5,2023-03-19,Daithi Burke,Galway,Westmeath,League,FB,Started,70,,,
718,5,2023-03-19,TJ Brennan,Galway,Westmeath,League,FB,Started,70,1.0,,
719,5,2023-03-19,Padraic Mannion,Galway,Westmeath,League,HB,Started,70,1.0,,
720,5,2023-03-19,Jack Fitzpatrick,Galway,Westmeath,League,HB,Started,70,,,
721,5,2023-03-19,Tiernan Killeen,Galway,Westmeath,League,HB,Started,70,,,1.0
722,5,2023-03-19,Cianan Fahy,Galway,Westmeath,League,M,Started,70,1.0,,
723,5,2023-03-19,Ronan Glennon,Galway,Westmeath,League,M,Started,63,,,
724,5,2023-03-19,John Cooney,Galway,Westmeath,League,HF,Started,63,2.0,,
725,5,2023-03-19,Liam Collins,Galway,Westmeath,League,HF,Started,46,1.0,,
726,5,2023-03-19,Conor Cooney,Galway,Westmeath,League,HF,Started,54,5.0,,
727,5,2023-03-19,Evan Niland,Galway,Westmeath,League,FF,Started,70,2.0,9.0,
728,5,2023-03-19,Brian Concannon,Galway,Westmeath,League,FF,Started,65,1.0,,1.0
729,5,2023-03-19,Kevin Cooney,Galway,Westmeath,League,FF,Started,70,1.0,,
730,5,2023-03-19,D McLaughlin,Galway,Westmeath,League,HF,Sub,24,1.0,,1.0
731,5,2023-03-19,Jason Flynn,Galway,Westmeath,League,HF,Sub,16,1.0,,1.0
732,5,2023-03-19,Gavin Lee,Galway,Westmeath,League,HF,Sub,7,1.0,,
733,5,2023-03-19,Joseph Cooney,Galway,Westmeath,League,M,Sub,7,,,
734,5,2023-03-19,Donal O Shea,Galway,Westmeath,League,FF,Sub,5,,,
735,5,2023-03-19,Rhys Shelly,Tipp,Antrim,League,G,Started,70,,,
736,5,2023-03-19,Eoghan Connolly,Tipp,Antrim,League,FB,Started,70,,,
737,5,2023-03-19,Michael Breen,Tipp,Antrim,League,FB,Started,70,,,
738,5,2023-03-19,Bryan O Mara,Tipp,Antrim,League,FB,Started,35,,,
739,5,2023-03-19,Enda Heffernan,Tipp,Antrim,League,HB,Started,70,3.0,,
740,5,2023-03-19,Ronan Maher,Tipp,Antrim,League,HB,Started,26,,,
741,5,2023-03-19,Pauric Campion,Tipp,Antrim,League,HB,Started,70,,,1.0
742,5,2023-03-19,Joe Fogarty,Tipp,Antrim,League,M,Started,70,2.0,,
743,5,2023-03-19,Alan Tynan,Tipp,Antrim,League,M,Started,53,2.0,,
744,5,2023-03-19,Kian O Kelly,Tipp,Antrim,League,HF,Started,49,,,
745,5,2023-03-19,Mark Kehoe,Tipp,Antrim,League,HF,Started,70,,,1.0
746,5,2023-03-19,Gearoid O Connor,Tipp,Antrim,League,HF,Started,64,1.0,8.0,
747,5,2023-03-19,Conor Bowe,Tipp,Antrim,League,FF,Started,70,,,1.0
748,5,2023-03-19,John McGrath,Tipp,Antrim,League,FF,Started,70,6.0,1.0,
749,5,2023-03-19,Sean Ryan,Tipp,Antrim,League,FF,Started,70,3.0,,1.0
750,5,2023-03-19,John Campion,Tipp,Antrim,League,HB,Sub,44,1.0,,
751,5,2023-03-19,Johnny Ryan,Tipp,Antrim,League,FB,Sub,35,1.0,,
752,5,2023-03-19,Paddy Creedon,Tipp,Antrim,League,HF,Sub,21,,,
753,5,2023-03-19,Dan McCormack,Tipp,Antrim,League,M,Sub,17,,,
754,5,2023-03-19,Cian O Dwyer,Tipp,Antrim,League,HF,Sub,6,,,
755,5,2023-03-19,Darren Brennan,Kilkenny,Waterford,League,G,Started,70,,,
756,5,2023-03-19,Tommy Walsh,Kilkenny,Waterford,League,FB,Started,70,,,
757,5,2023-03-19,Conor Delaney,Kilkenny,Waterford,League,FB,Started,70,,,
758,5,2023-03-19,Padraig Walsh,Kilkenny,Waterford,League,FB,Started,70,,,
759,5,2023-03-19,Cian Kenny,Kilkenny,Waterford,League,HB,Started,35,,,
760,5,2023-03-19,Darragh Corcoran,Kilkenny,Waterford,League,HB,Started,42,1.0,,
761,5,2023-03-19,David Blanchfield,Kilkenny,Waterford,League,HB,Started,70,,,
762,5,2023-03-19,Conor Fogarty,Kilkenny,Waterford,League,M,Started,70,1.0,,
763,5,2023-03-19,Gearoid Dunne,Kilkenny,Waterford,League,M,Started,58,1.0,,
764,5,2023-03-19,Billy Ryan,Kilkenny,Waterford,League,HF,Started,70,,,
765,5,2023-03-19,John Donnelly,Kilkenny,Waterford,League,HF,Started,70,1.0,,
766,5,2023-03-19,Paddy Deegan,Kilkenny,Waterford,League,HF,Started,70,,,
767,5,2023-03-19,Billy Drennan,Kilkenny,Waterford,League,FF,Started,70,1.0,9.0,
768,5,2023-03-19,Martin Keoghan,Kilkenny,Waterford,League,FF,Started,67,1.0,,
769,5,2023-03-19,Eoin Cody,Kilkenny,Waterford,League,FF,Started,69,1.0,,
770,5,2023-03-19,Alan Murphy,Kilkenny,Waterford,League,HB,Sub,35,1.0,,
771,5,2023-03-19,Timmy Clifford,Kilkenny,Waterford,League,HB,Sub,28,,,
772,5,2023-03-19,Shane Walsh,Kilkenny,Waterford,League,M,Sub,12,1.0,,
773,5,2023-03-19,Tom Phelan,Kilkenny,Waterford,League,FF,Sub,3,,,
774,5,2023-03-19,Ronan Corcoran,Kilkenny,Waterford,League,FF,Sub,1,,,
775,5,2023-03-19,Billy Nolan,Waterford,Kilkenny,League,G,Started,70,,,
776,5,2023-03-19,Iarlaith Daly,Waterford,Kilkenny,League,FB,Started,59,,,
777,5,2023-03-19,Mark Fitzgerald,Waterford,Kilkenny,League,FB,Started,70,,,
778,5,2023-03-19,Conor Ryan,Waterford,Kilkenny,League,FB,Started,70,,,
779,5,2023-03-19,Jack Fagan,Waterford,Kilkenny,League,HB,Started,70,,,
780,5,2023-03-19,Tadhg de Burca,Waterford,Kilkenny,League,HB,Started,70,1.0,,
781,5,2023-03-19,Calum Lyons,Waterford,Kilkenny,League,HB,Started,70,,,
782,5,2023-03-19,Carthach Daly,Waterford,Kilkenny,League,M,Started,70,,,
783,5,2023-03-19,Neil Montgomery,Waterford,Kilkenny,League,M,Started,70,2.0,,
784,5,2023-03-19,Tom Barron,Waterford,Kilkenny,League,HF,Started,70,2.0,,
785,5,2023-03-19,Patrick Curran,Waterford,Kilkenny,League,HF,Started,48,1.0,,
786,5,2023-03-19,Jack Prendergast,Waterford,Kilkenny,League,HF,Started,70,1.0,,
787,5,2023-03-19,Colin Dunford,Waterford,Kilkenny,League,FF,Started,69,2.0,,
788,5,2023-03-19,Dessie Hutchinson,Waterford,Kilkenny,League,FF,Started,70,,,
789,5,2023-03-19,Padraig Fitzgerald,Waterford,Kilkenny,League,FF,Started,68,,6.0,
790,5,2023-03-19,Patrick Fitzgerald,Waterford,Kilkenny,League,HF,Sub,22,1.0,,
791,5,2023-03-19,P Leavey,Waterford,Kilkenny,League,FB,Sub,11,,,
792,5,2023-03-19,Kevin Mahony,Waterford,Kilkenny,League,FF,Sub,2,,,
793,5,2023-03-19,DJ Foran,Waterford,Kilkenny,League,FF,Sub,1,,,
794,6,2023-03-26,Nicky Quaid,Limerick,Tipp,League,G,Started,70,,,
795,6,2023-03-26,Sean Finn,Limerick,Tipp,League,FB,Started,65,,,
796,6,2023-03-26,Mike Casey,Limerick,Tipp,League,FB,Started,70,,,
797,6,2023-03-26,Barry Nash,Limerick,Tipp,League,FB,Started,70,1.0,,
798,6,2023-03-26,Diarmuid Byrnes,Limerick,Tipp,League,HB,Started,70,1.0,5.0,
799,6,2023-03-26,Declan Hannon,Limerick,Tipp,League,HB,Started,70,2.0,,
800,6,2023-03-26,Colin Coughlan,Limerick,Tipp,League,HB,Started,70,1.0,,
801,6,2023-03-26,Barry Murphy,Limerick,Tipp,League,M,Started,70,2.0,,
802,6,2023-03-26,Will O Donoghue,Limerick,Tipp,League,M,Started,69,1.0,,
803,6,2023-03-26,Cathal O'Neill,Limerick,Tipp,League,HF,Started,60,2.0,,
804,6,2023-03-26,Cian Lynch,Limerick,Tipp,League,HF,Started,70,2.0,,
805,6,2023-03-26,Tom Morrissey,Limerick,Tipp,League,HF,Started,62,2.0,,
806,6,2023-03-26,Aaron Gillane,Limerick,Tipp,League,FF,Started,69,1.0,6.0,
807,6,2023-03-26,Peter Casey,Limerick,Tipp,League,FF,Started,70,1.0,,1.0
808,6,2023-03-26,Donnacha O Dalaigh,Limerick,Tipp,League,FF,Started,70,1.0,,
809,6,2023-03-26,Gearoid Hegarty,Limerick,Tipp,League,HF,Sub,10,,,
810,6,2023-03-26,Conor Boylan,Limerick,Tipp,League,HF,Sub,8,,,
811,6,2023-03-26,Richie English,Limerick,Tipp,League,FB,Sub,5,,,
812,6,2023-03-26,Seamus Flanagan,Limerick,Tipp,League,FF,Sub,1,,,
813,6,2023-03-26,Michael Houlihan,Limerick,Tipp,League,M,Sub,1,,,
814,6,2023-03-26,Barry Hogan,Tipp,Limerick,League,G,Started,70,,,
815,6,2023-03-26,Eoghan Connolly,Tipp,Limerick,League,FB,Started,70,,,
816,6,2023-03-26,Michael Breen,Tipp,Limerick,League,FB,Started,70,,,
817,6,2023-03-26,Johnny Ryan,Tipp,Limerick,League,FB,Started,70,,,
818,6,2023-03-26,Dan McCormack,Tipp,Limerick,League,HB,Started,70,,,
819,6,2023-03-26,Bryan O Mara,Tipp,Limerick,League,HB,Started,70,,,
820,6,2023-03-26,Ronan Maher,Tipp,Limerick,League,HB,Started,70,,,
821,6,2023-03-26,Conor Stakelum,Tipp,Limerick,League,M,Started,51,,,
822,6,2023-03-26,Alan Tynan,Tipp,Limerick,League,M,Started,70,4.0,,
823,6,2023-03-26,Seamus Kennedy,Tipp,Limerick,League,HF,Started,65,2.0,,
824,6,2023-03-26,Noel McGrath,Tipp,Limerick,League,HF,Started,70,1.0,,
825,6,2023-03-26,Gearoid O Connor,Tipp,Limerick,League,HF,Started,70,3.0,,
826,6,2023-03-26,Jason Forde,Tipp,Limerick,League,FF,Started,70,3.0,11.0,
827,6,2023-03-26,Patrick Maher,Tipp,Limerick,League,FF,Started,51,,,
828,6,2023-03-26,Jake Morris,Tipp,Limerick,League,FF,Started,65,1.0,,
829,6,2023-03-26,Enda Heffernan,Tipp,Limerick,League,M,Sub,19,,,
830,6,2023-03-26,Mark Kehoe,Tipp,Limerick,League,FF,Sub,19,,,
831,6,2023-03-26,John McGrath,Tipp,Limerick,League,FF,Sub,5,,,
832,6,2023-03-26,Conor Bowe,Tipp,Limerick,League,HF,Sub,5,,,
833,6,2023-03-27,Eoin Murphy,Kilkenny,Cork,League,G,Started,70,,,
834,6,2023-03-27,Mikey Butler,Kilkenny,Cork,League,FB,Started,69,,,
835,6,2023-03-27,Tommy Walsh,Kilkenny,Cork,League,FB,Started,70,,,
836,6,2023-03-27,Padraig Walsh,Kilkenny,Cork,League,FB,Started,70,,,
837,6,2023-03-27,Darragh Corcoran,Kilkenny,Cork,League,HB,Started,69,,,
838,6,2023-03-27,Huw Lawlor,Kilkenny,Cork,League,HB,Started,70,,,
839,6,2023-03-27,David Blanchfield,Kilkenny,Cork,League,HB,Started,70,,,
840,6,2023-03-27,Conor Fogarty,Kilkenny,Cork,League,M,Started,70,1.0,,
841,6,2023-03-27,Alan Murphy,Kilkenny,Cork,League,M,Started,67,2.0,,
842,6,2023-03-27,Timmy Clifford,Kilkenny,Cork,League,HF,Started,58,1.0,,
843,6,2023-03-27,John Donnelly,Kilkenny,Cork,League,HF,Started,70,2.0,,
844,6,2023-03-27,Paddy Deegan,Kilkenny,Cork,League,HF,Started,70,,,
845,6,2023-03-27,Billy Drennan,Kilkenny,Cork,League,FF,Started,70,1.0,12.0,1.0
846,6,2023-03-27,Martin Keoghan,Kilkenny,Cork,League,FF,Started,70,,,1.0
847,6,2023-03-27,Richie Hogan,Kilkenny,Cork,League,FF,Started,56,1.0,,
848,6,2023-03-27,Cian Kenny,Kilkenny,Cork,League,FF,Sub,14,1.0,,
849,6,2023-03-27,Gearoid Dunne,Kilkenny,Cork,League,HF,Sub,12,1.0,,
850,6,2023-03-27,Darren Brennan,Kilkenny,Cork,League,M,Sub,3,,,
851,6,2023-03-27,Conor Delaney,Kilkenny,Cork,League,HB,Sub,1,,,
852,6,2023-03-27,Eoin Cody,Kilkenny,Cork,League,FF,Sub,1,,,
853,6,2023-03-27,Patrick Collins,Cork,Kilkenny,League,G,Started,70,,,
854,6,2023-03-27,Niall O Leary,Cork,Kilkenny,League,FB,Started,70,,,
855,6,2023-03-27,Eoin Downey,Cork,Kilkenny,League,FB,Started,70,,,
856,6,2023-03-27,Damien Cahalane,Cork,Kilkenny,League,FB,Started,70,,,
857,6,2023-03-27,Tommy O Connell,Cork,Kilkenny,League,HB,Started,70,,,
858,6,2023-03-27,Ciaran Joyce,Cork,Kilkenny,League,HB,Started,70,,,
859,6,2023-03-27,Rob Downey,Cork,Kilkenny,League,HB,Started,70,1.0,,
860,6,2023-03-27,Brian Roche,Cork,Kilkenny,League,M,Started,70,,,
861,6,2023-03-27,Ethan Twomey,Cork,Kilkenny,League,M,Started,50,,,
862,6,2023-03-27,Conor Cahalane,Cork,Kilkenny,League,HF,Started,52,2.0,,
863,6,2023-03-27,Conor Lehane,Cork,Kilkenny,League,HF,Started,70,,,
864,6,2023-03-27,Shane Barrett,Cork,Kilkenny,League,HF,Started,70,3.0,,
865,6,2023-03-27,Shane Kingston,Cork,Kilkenny,League,FF,Started,70,1.0,8.0,
866,6,2023-03-27,Padraig Power,Cork,Kilkenny,League,FF,Started,66,2.0,,
867,6,2023-03-27,Jack O Connor,Cork,Kilkenny,League,FF,Started,50,1.0,,
868,6,2023-03-27,Tim O'Mahony,Cork,Kilkenny,League,M,Sub,20,1.0,,
869,6,2023-03-27,Patrick Horgan,Cork,Kilkenny,League,FF,Sub,20,,3.0,
870,6,2023-03-27,Ger Millerick,Cork,Kilkenny,League,HF,Sub,18,,,
871,6,2023-03-27,Brian Hayes,Cork,Kilkenny,League,FF,Sub,4,,,
872,6,2023-04-09,Nicky Quaid,Limerick,Kilkenny,League,G,Started,70,,,
873,6,2023-04-09,Sean Finn,Limerick,Kilkenny,League,FB,Started,70,,,
874,6,2023-04-09,Dan Morrissey,Limerick,Kilkenny,League,FB,Started,70,,,
875,6,2023-04-09,Barry Nash,Limerick,Kilkenny,League,FB,Started,70,1.0,,1.0
876,6,2023-04-09,Diarmuid Byrnes,Limerick,Kilkenny,League,HB,Started,69,2.0,3.0,
877,6,2023-04-09,Mike Casey,Limerick,Kilkenny,League,HB,Started,47,,,
878,6,2023-04-09,Colin Coughlan,Limerick,Kilkenny,League,HB,Started,70,1.0,,
879,6,2023-04-09,Darragh O Donovan,Limerick,Kilkenny,League,M,Started,70,2.0,,
880,6,2023-04-09,Barry Murphy,Limerick,Kilkenny,League,M,Started,35,,,
881,6,2023-04-09,Gearoid Hegarty,Limerick,Kilkenny,League,HF,Started,70,,,
882,6,2023-04-09,Cian Lynch,Limerick,Kilkenny,League,HF,Started,58,,,
883,6,2023-04-09,Cathal O'Neill,Limerick,Kilkenny,League,HF,Started,70,1.0,,
884,6,2023-04-09,Aaron Gillane,Limerick,Kilkenny,League,FF,Started,70,2.0,5.0,1.0
885,6,2023-04-09,Seamus Flanagan,Limerick,Kilkenny,League,FF,Started,62,3.0,,
886,6,2023-04-09,Peter Casey,Limerick,Kilkenny,League,FF,Started,70,,,
887,6,2023-04-09,Tom Morrissey,Limerick,Kilkenny,League,HF,Sub,35,,,
888,6,2023-04-09,Richie English,Limerick,Kilkenny,League,FB,Sub,20,,,
889,6,2023-04-09,Conor Boylan,Limerick,Kilkenny,League,HF,Sub,12,,,
890,6,2023-04-09,Donnacha O Dalaigh,Limerick,Kilkenny,League,FF,Sub,8,,,
891,6,2023-04-09,Shane O Brien,Limerick,Kilkenny,League,HB,Sub,3,,,
892,6,2023-04-09,Mark Quinlan,Limerick,Kilkenny,League,HB,Sub,1,,,
893,6,2023-04-09,Eoin Murphy,Kilkenny,Limerick,League,G,Started,70,,,
894,6,2023-04-09,Mikey Butler,Kilkenny,Limerick,League,FB,Started,70,,,
895,6,2023-04-09,Tommy Walsh,Kilkenny,Limerick,League,FB,Started,70,,,
896,6,2023-04-09,Padraig Walsh,Kilkenny,Limerick,League,FB,Started,70,,,
897,6,2023-04-09,Richie Reid,Kilkenny,Limerick,League,HB,Started,70,2.0,,
898,6,2023-04-09,Huw Lawlor,Kilkenny,Limerick,League,HB,Started,70,1.0,,
899,6,2023-04-09,David Blanchfield,Kilkenny,Limerick,League,HB,Started,70,,,
900,6,2023-04-09,Conor Fogarty,Kilkenny,Limerick,League,M,Started,47,,,
901,6,2023-04-09,Paddy Deegan,Kilkenny,Limerick,League,M,Started,70,2.0,,
902,6,2023-04-09,John Donnelly,Kilkenny,Limerick,League,HF,Started,41,,,
903,6,2023-04-09,Adrian Mullen,Kilkenny,Limerick,League,HF,Started,52,3.0,,
904,6,2023-04-09,Billy Ryan,Kilkenny,Limerick,League,HF,Started,55,,,
905,6,2023-04-09,Billy Drennan,Kilkenny,Limerick,League,FF,Started,57,,5.0,
906,6,2023-04-09,Martin Keoghan,Kilkenny,Limerick,League,FF,Started,70,,,
907,6,2023-04-09,Eoin Cody,Kilkenny,Limerick,League,FF,Started,70,2.0,,
908,6,2023-04-09,Cian Kenny,Kilkenny,Limerick,League,HF,Sub,29,,,
909,6,2023-04-09,Paddy Mullen,Kilkenny,Limerick,League,M,Sub,23,,,
910,6,2023-04-09,Timmy Clifford,Kilkenny,Limerick,League,HF,Sub,18,,,
911,6,2023-04-09,Alan Murphy,Kilkenny,Limerick,League,HF,Sub,15,,,
912,6,2023-04-09,Gearoid Dunne,Kilkenny,Limerick,League,FF,Sub,13,,,
913,7,2023-04-22,Eoin Murphy,Kilkenny,Westmeath,Championship,G,Started,70,,,
914,7,2023-04-22,Mikey Butler,Kilkenny,Westmeath,Championship,FB,Started,70,,,
915,7,2023-04-22,Huw Lawlor,Kilkenny,Westmeath,Championship,FB,Started,63,,,
916,7,2023-04-22,Tommy Walsh,Kilkenny,Westmeath,Championship,FB,Started,70,,,
917,7,2023-04-22,David Blanchfield,Kilkenny,Westmeath,Championship,HB,Started,70,1.0,,
918,7,2023-04-22,Richie Reid,Kilkenny,Westmeath,Championship,HB,Started,70,,,
919,7,2023-04-22,Padraig Walsh,Kilkenny,Westmeath,Championship,HB,Started,55,1.0,,
920,7,2023-04-22,Darragh Corcoran,Kilkenny,Westmeath,Championship,M,Started,70,1.0,,
921,7,2023-04-22,Paddy Mullen,Kilkenny,Westmeath,Championship,M,Started,46,,,
922,7,2023-04-22,Timmy Clifford,Kilkenny,Westmeath,Championship,HF,Started,70,1.0,,
923,7,2023-04-22,Adrian Mullen,Kilkenny,Westmeath,Championship,HF,Started,61,6.0,,
924,7,2023-04-22,John Donnelly,Kilkenny,Westmeath,Championship,HF,Started,70,4.0,,
925,7,2023-04-22,Billy Ryan,Kilkenny,Westmeath,Championship,FF,Started,47,1.0,,
926,7,2023-04-22,TJ Reid,Kilkenny,Westmeath,Championship,FF,Started,70,4.0,5.0,
927,7,2023-04-22,Eoin Cody,Kilkenny,Westmeath,Championship,FF,Started,70,2.0,,
928,7,2023-04-22,Cian Kenny,Kilkenny,Westmeath,Championship,HF,Sub,24,,,
929,7,2023-04-22,Martin Keoghan,Kilkenny,Westmeath,Championship,FF,Sub,23,2.0,,
930,7,2023-04-22,Cillian Buckley,Kilkenny,Westmeath,Championship,HB,Sub,15,,,
931,7,2023-04-22,Darren Brennan,Kilkenny,Westmeath,Championship,HF,Sub,9,1.0,,
932,7,2023-04-22,Conor Delaney,Kilkenny,Westmeath,Championship,FB,Sub,7,,,
933,7,2023-04-22,Eanna Murphy,Galway,Wexford,Championship,G,Started,70,,,
934,7,2023-04-22,Jack Grealish,Galway,Wexford,Championship,FB,Started,70,,,
935,7,2023-04-22,Gearoid McInerney,Galway,Wexford,Championship,FB,Started,70,,,
936,7,2023-04-22,TJ Brennan,Galway,Wexford,Championship,FB,Started,69,1.0,,
937,7,2023-04-22,Padraic Mannion,Galway,Wexford,Championship,HB,Started,70,,,
938,7,2023-04-22,Daithi Burke,Galway,Wexford,Championship,HB,Started,70,,,
939,7,2023-04-22,Joesph Cooney,Galway,Wexford,Championship,HB,Started,58,,,
940,7,2023-04-22,Cathal Mannion,Galway,Wexford,Championship,M,Started,67,1.0,,
941,7,2023-04-22,Ronan Glennon,Galway,Wexford,Championship,M,Started,60,1.0,,
942,7,2023-04-22,Tom Monaghan,Galway,Wexford,Championship,HF,Started,70,,,
943,7,2023-04-22,Brian Concannon,Galway,Wexford,Championship,HF,Started,63,2.0,,
944,7,2023-04-22,Conor Cooney,Galway,Wexford,Championship,HF,Started,70,2.0,,
945,7,2023-04-22,Evan Niland,Galway,Wexford,Championship,FF,Started,70,7.0,6.0,
946,7,2023-04-22,Conor Whelan,Galway,Wexford,Championship,FF,Started,70,2.0,,
947,7,2023-04-22,Kevin Cooney,Galway,Wexford,Championship,FF,Started,70,1.0,,
948,7,2023-04-22,Cianan Fahy,Galway,Wexford,Championship,M,Sub,10,,,
949,7,2023-04-22,Fintan Burke,Galway,Wexford,Championship,HB,Sub,12,,,
950,7,2023-04-22,Jason Flynn,Galway,Wexford,Championship,HF,Sub,7,,,
951,7,2023-04-22,Liam Collins,Galway,Wexford,Championship,HF,Sub,3,1.0,,
952,7,2023-04-22,Darren Morrissey,Galway,Wexford,Championship,FB,Sub,1,,,
953,7,2023-04-22,James Lawlor,Wexford,Galway,Championship,G,Started,70,,,
954,7,2023-04-22,Liam Ryan,Wexford,Galway,Championship,FB,Started,70,,,
955,7,2023-04-22,Matthew O'Hanlon,Wexford,Galway,Championship,FB,Started,70,1.0,,
956,7,2023-04-22,Conor Devitt,Wexford,Galway,Championship,FB,Started,70,,,
957,7,2023-04-22,Shane Reck,Wexford,Galway,Championship,HB,Started,70,,,
958,7,2023-04-22,Conor Foley,Wexford,Galway,Championship,HB,Started,69,,,
959,7,2023-04-22,Simon Donohue,Wexford,Galway,Championship,HB,Started,70,,,
960,7,2023-04-22,Diarmuid O Keefe,Wexford,Galway,Championship,M,Started,46,,,
961,7,2023-04-22,Conor Hearne,Wexford,Galway,Championship,M,Started,60,1.0,,
962,7,2023-04-22,Oisin Foley,Wexford,Galway,Championship,HF,Started,57,,,
963,7,2023-04-22,Liam Og McGovern,Wexford,Galway,Championship,HF,Started,70,2.0,,1.0
964,7,2023-04-22,Charlie McGuckin,Wexford,Galway,Championship,HF,Started,43,,,
965,7,2023-04-22,Rory O Connor,Wexford,Galway,Championship,FF,Started,70,,5.0,
966,7,2023-04-22,Conor McDonald,Wexford,Galway,Championship,FF,Started,70,,,1.0
967,7,2023-04-22,Cathal Dunbar,Wexford,Galway,Championship,FF,Started,70,2.0,,
968,7,2023-04-22,Jack O Connor,Wexford,Galway,Championship,HF,Sub,27,1.0,,
969,7,2023-04-22,Mikie Dwyer,Wexford,Galway,Championship,M,Sub,24,,,
970,7,2023-04-22,Richie Lawlor,Wexford,Galway,Championship,HF,Sub,13,,,
971,7,2023-04-22,Kevin Foley,Wexford,Galway,Championship,M,Sub,10,,,
972,7,2023-04-22,Joe O Connor,Wexford,Galway,Championship,HB,Sub,1,,,
973,7,2023-04-23,Eamonn Foudy,Clare,Tipp,Championship,G,Started,70,,,
974,7,2023-04-23,Adam Hogan,Clare,Tipp,Championship,FB,Started,44,,,
975,7,2023-04-23,Conor Cleary,Clare,Tipp,Championship,FB,Started,70,,,
976,7,2023-04-23,Paul Flanagan,Clare,Tipp,Championship,FB,Started,70,,,
977,7,2023-04-23,Diarmuid Ryan,Clare,Tipp,Championship,HB,Started,70,1.0,,
978,7,2023-04-23,John Conlon,Clare,Tipp,Championship,HB,Started,70,1.0,,
979,7,2023-04-23,David McInerney,Clare,Tipp,Championship,HB,Started,70,,,
980,7,2023-04-23,Tony Kelly,Clare,Tipp,Championship,M,Started,70,1.0,,
981,7,2023-04-23,Cathal Malone,Clare,Tipp,Championship,M,Started,70,,,
982,7,2023-04-23,Peter Duggan,Clare,Tipp,Championship,HF,Started,69,,,
983,7,2023-04-23,Ryan Taylor,Clare,Tipp,Championship,HF,Started,67,2.0,,
984,7,2023-04-23,Aidan McCarthy,Clare,Tipp,Championship,HF,Started,70,4.0,9.0,1.0
985,7,2023-04-23,Ian Galvin,Clare,Tipp,Championship,FF,Started,51,2.0,,
986,7,2023-04-23,shane O'Donnell,Clare,Tipp,Championship,FF,Started,70,,,
987,7,2023-04-23,Mark Rogers,Clare,Tipp,Championship,FF,Started,62,,,2.0
988,7,2023-04-23,Rory Hayes,Clare,Tipp,Championship,FB,Sub,26,,,
989,7,2023-04-23,Shane Meehan,Clare,Tipp,Championship,FF,Sub,19,2.0,,
990,7,2023-04-23,Aron Shanagher,Clare,Tipp,Championship,FF,Sub,8,,,
991,7,2023-04-23,Robyn Mounsey,Clare,Tipp,Championship,HF,Sub,3,1.0,,
992,7,2023-04-23,Jack Kirwan,Clare,Tipp,Championship,HF,Sub,1,,,
993,7,2023-04-23,Barry Hogan,Tipp,Clare,Championship,G,Started,70,,,
994,7,2023-04-23,Cathal Barrett,Tipp,Clare,Championship,FB,Started,70,,,
995,7,2023-04-23,Ronan Maher,Tipp,Clare,Championship,FB,Started,70,,,
996,7,2023-04-23,Johnny Ryan,Tipp,Clare,Championship,FB,Started,70,,,
997,7,2023-04-23,Brian McGrath,Tipp,Clare,Championship,HB,Started,69,1.0,,
998,7,2023-04-23,Bryan O Mara,Tipp,Clare,Championship,HB,Started,70,,,
999,7,2023-04-23,Michael Breen,Tipp,Clare,Championship,HB,Started,70,,,
1000,7,2023-04-23,Noel McGrath,Tipp,Clare,Championship,M,Started,69,3.0,,
1001,7,2023-04-23,Alan Tynan,Tipp,Clare,Championship,M,Started,45,1.0,,
1002,7,2023-04-23,Dan McCormack,Tipp,Clare,Championship,HF,Started,70,,,
1003,7,2023-04-23,John McGrath,Tipp,Clare,Championship,HF,Started,58,1.0,,
1004,7,2023-04-23,Seamus Kennedy,Tipp,Clare,Championship,HF,Started,70,1.0,,
1005,7,2023-04-23,Jake Morris,Tipp,Clare,Championship,FF,Started,70,4.0,,2.0
1006,7,2023-04-23,Gearoid O Connor,Tipp,Clare,Championship,FF,Started,63,2.0,,
1007,7,2023-04-23,Jason Forde,Tipp,Clare,Championship,FF,Started,70,,6.0,2.0
1008,7,2023-04-23,Conor Stakelum,Tipp,Clare,Championship,M,Sub,25,,,
1009,7,2023-04-23,Mark Kehoe,Tipp,Clare,Championship,HF,Sub,12,1.0,,
1010,7,2023-04-23,Sean Ryan,Tipp,Clare,Championship,FF,Sub,7,1.0,,1.0
1011,7,2023-04-23,Conor Bowe,Tipp,Clare,Championship,M,Sub,1,1.0,,
1012,7,2023-04-23,Enda Heffernan,Tipp,Clare,Championship,HB,Sub,1,,,
1013,7,2023-04-23,Billy Nolan,Waterford,Limerick,Championship,G,Started,70,,,
1014,7,2023-04-23,Conor Gleeson,Waterford,Limerick,Championship,FB,Started,70,1.0,,
1015,7,2023-04-23,Conor Prunty,Waterford,Limerick,Championship,FB,Started,70,,,
1016,7,2023-04-23,Mark Fitzgerald,Waterford,Limerick,Championship,FB,Started,70,,,
1017,7,2023-04-23,Calum Lyons,Waterford,Limerick,Championship,HB,Started,70,,,
1018,7,2023-04-23,Tadhg de Burca,Waterford,Limerick,Championship,HB,Started,22,,,
1019,7,2023-04-23,Jack Fagan,Waterford,Limerick,Championship,HB,Started,70,,,
1020,7,2023-04-23,Darragh Lyons,Waterford,Limerick,Championship,M,Started,70,,,
1021,7,2023-04-23,Jamie Barron,Waterford,Limerick,Championship,M,Started,70,1.0,,
1022,7,2023-04-23,Neil Montgomery,Waterford,Limerick,Championship,HF,Started,60,,,
1023,7,2023-04-23,Dessie Hutchinson,Waterford,Limerick,Championship,HF,Started,70,3.0,,
1024,7,2023-04-23,Michael Kiely,Waterford,Limerick,Championship,HF,Started,70,,,
1025,7,2023-04-23,Colin Dunford,Waterford,Limerick,Championship,FF,Started,50,,,
1026,7,2023-04-23,Stephen Bennett,Waterford,Limerick,Championship,FF,Started,70,2.0,10.0,
1027,7,2023-04-23,Jack Prendergast,Waterford,Limerick,Championship,FF,Started,60,,,
1028,7,2023-04-23,Tom Barron,Waterford,Limerick,Championship,HB,Sub,48,,,
1029,7,2023-04-23,Austin Gleeson,Waterford,Limerick,Championship,FF,Sub,20,1.0,,
1030,7,2023-04-23,Paudie Fitzgerald,Waterford,Limerick,Championship,FF,Sub,10,,,
1031,7,2023-04-23,Patrick Fitzgerald,Waterford,Limerick,Championship,HF,Sub,10,1.0,,
1032,7,2023-04-23,Nicky Quaid,Limerick,Waterford,Championship,G,Started,70,,,
1033,7,2023-04-23,Sean Finn,Limerick,Waterford,Championship,FB,Started,70,,,
1034,7,2023-04-23,Dan Morrissey,Limerick,Waterford,Championship,FB,Started,70,,,
1035,7,2023-04-23,Barry Nash,Limerick,Waterford,Championship,FB,Started,70,1.0,,
1036,7,2023-04-23,Diarmuid Byrnes,Limerick,Waterford,Championship,HB,Started,70,1.0,2.0,
1037,7,2023-04-23,Declan Hannon,Limerick,Waterford,Championship,HB,Started,14,,,
1038,7,2023-04-23,Kyle Hayes,Limerick,Waterford,Championship,HB,Started,70,,,
1039,7,2023-04-23,Darragh O Donovan,Limerick,Waterford,Championship,M,Started,70,,,
1040,7,2023-04-23,Will O Donoghue,Limerick,Waterford,Championship,M,Started,67,,,
1041,7,2023-04-23,Gearoid Hegarty,Limerick,Waterford,Championship,HF,Started,70,2.0,,
1042,7,2023-04-23,Cian Lynch,Limerick,Waterford,Championship,HF,Started,70,,,
1043,7,2023-04-23,Tom Morrissey,Limerick,Waterford,Championship,HF,Started,70,2.0,,
1044,7,2023-04-23,Aaron Gillane,Limerick,Waterford,Championship,FF,Started,70,2.0,5.0,
1045,7,2023-04-23,Seamus Flanagan,Limerick,Waterford,Championship,FF,Started,59,1.0,,1.0
1046,7,2023-04-23,Peter Casey,Limerick,Waterford,Championship,FF,Started,69,2.0,,
1047,7,2023-04-23,Mike Casey,Limerick,Waterford,Championship,HB,Sub,56,,,
1048,7,2023-04-23,Cathal O'Neill,Limerick,Waterford,Championship,FF,Sub,11,,,
1049,7,2023-04-23,David Reidy,Limerick,Waterford,Championship,M,Sub,3,,,
1050,7,2023-04-23,Conor Boylan,Limerick,Waterford,Championship,FF,Sub,1,,,
1051,8,2023-04-30,Eoin Murphy,Kilkenny,Galway,Championship,G,Started,70,,,
1052,8,2023-04-30,Mikey Butler,Kilkenny,Galway,Championship,FB,Started,70,1.0,,
1053,8,2023-04-30,Huw Lawlor,Kilkenny,Galway,Championship,FB,Started,70,,,
1054,8,2023-04-30,Tommy Walsh,Kilkenny,Galway,Championship,FB,Started,70,,,
1055,8,2023-04-30,David Blanchfield,Kilkenny,Galway,Championship,HB,Started,70,1.0,,
1056,8,2023-04-30,Richie Reid,Kilkenny,Galway,Championship,HB,Started,70,,,
1057,8,2023-04-30,Padraig Walsh,Kilkenny,Galway,Championship,HB,Started,46,,,
1058,8,2023-04-30,Darragh Corcoran,Kilkenny,Galway,Championship,M,Started,70,2.0,,
1059,8,2023-04-30,Conor Fogarty,Kilkenny,Galway,Championship,M,Started,69,,,
1060,8,2023-04-30,Timmy Clifford,Kilkenny,Galway,Championship,HF,Started,35,1.0,,
1061,8,2023-04-30,Adrian Mullen,Kilkenny,Galway,Championship,HF,Started,70,2.0,,
1062,8,2023-04-30,John Donnelly,Kilkenny,Galway,Championship,HF,Started,65,2.0,,
1063,8,2023-04-30,Billy Ryan,Kilkenny,Galway,Championship,FF,Started,70,2.0,,
1064,8,2023-04-30,TJ Reid,Kilkenny,Galway,Championship,FF,Started,70,1.0,8.0,
1065,8,2023-04-30,Eoin Cody,Kilkenny,Galway,Championship,FF,Started,70,6.0,,
1066,8,2023-04-30,Cian Kenny,Kilkenny,Galway,Championship,M,Sub,24,,,
1067,8,2023-04-30,Martin Keoghan,Kilkenny,Galway,Championship,HF,Sub,35,2.0,,
1068,8,2023-04-30,Cillian Buckley,Kilkenny,Galway,Championship,HF,Sub,1,,,
1069,8,2023-04-30,Alan Murphy,Kilkenny,Galway,Championship,HF,Sub,5,,,
1070,8,2023-04-30,Eanna Murphy,Galway,Kilkenny,Championship,G,Started,70,,,
1071,8,2023-04-30,Jack Grealish,Galway,Kilkenny,Championship,FB,Started,70,,,
1072,8,2023-04-30,Gearoid McInerney,Galway,Kilkenny,Championship,FB,Started,70,,,
1073,8,2023-04-30,TJ Brennan,Galway,Kilkenny,Championship,FB,Started,70,,,
1074,8,2023-04-30,Padraic Mannion,Galway,Kilkenny,Championship,HB,Started,70,1.0,,
1075,8,2023-04-30,Daithi Burke,Galway,Kilkenny,Championship,HB,Started,70,1.0,,
1076,8,2023-04-30,Joesph Cooney,Galway,Kilkenny,Championship,HB,Started,70,1.0,,
1077,8,2023-04-30,Cathal Mannion,Galway,Kilkenny,Championship,M,Started,70,1.0,,
1078,8,2023-04-30,Ronan Glennon,Galway,Kilkenny,Championship,M,Started,60,1.0,,
1079,8,2023-04-30,Cianan Fahy,Galway,Kilkenny,Championship,HF,Started,65,1.0,,
1080,8,2023-04-30,Brian Concannon,Galway,Kilkenny,Championship,HF,Started,70,5.0,,1.0
1081,8,2023-04-30,Conor Cooney,Galway,Kilkenny,Championship,HF,Started,58,1.0,,
1082,8,2023-04-30,Evan Niland,Galway,Kilkenny,Championship,FF,Started,70,1.0,6.0,
1083,8,2023-04-30,Conor Whelan,Galway,Kilkenny,Championship,FF,Started,68,2.0,,
1084,8,2023-04-30,Kevin Cooney,Galway,Kilkenny,Championship,FF,Started,70,1.0,,
1085,8,2023-04-30,Declan McLoughlin,Galway,Kilkenny,Championship,FF,Sub,2,1.0,,
1086,8,2023-04-30,Fintan Burke,Galway,Kilkenny,Championship,HB,Sub,10,,,
1087,8,2023-04-30,Jason Flynn,Galway,Kilkenny,Championship,HF,Sub,12,1.0,,
1088,8,2023-04-30,Liam Collins,Galway,Kilkenny,Championship,HF,Sub,5,1.0,,
1089,8,2023-04-30,James Lawlor,Wexford,Galway,Championship,G,Started,70,,,
1090,8,2023-04-30,Liam Ryan,Wexford,Galway,Championship,FB,Started,35,,,
1091,8,2023-04-30,Matthew O'Hanlon,Wexford,Galway,Championship,FB,Started,70,,,
1092,8,2023-04-30,Conor Devitt,Wexford,Galway,Championship,FB,Started,70,,,
1093,8,2023-04-30,Shane Reck,Wexford,Galway,Championship,HB,Started,70,,,
1094,8,2023-04-30,Conor Foley,Wexford,Galway,Championship,HB,Started,70,,,
1095,8,2023-04-30,Simon Donohue,Wexford,Galway,Championship,HB,Started,70,1.0,,
1096,8,2023-04-30,Diarmuid O Keefe,Wexford,Galway,Championship,M,Started,54,,,
1097,8,2023-04-30,Conor Hearne,Wexford,Galway,Championship,M,Started,46,,,
1098,8,2023-04-30,Oisin Foley,Wexford,Galway,Championship,HF,Started,70,4.0,,
1099,8,2023-04-30,Liam Og McGovern,Wexford,Galway,Championship,HF,Started,70,2.0,,
1100,8,2023-04-30,Jack O Connor,Wexford,Galway,Championship,HF,Started,59,5.0,,
1101,8,2023-04-30,Rory O Connor,Wexford,Galway,Championship,FF,Started,70,7.0,,
1102,8,2023-04-30,Lee Chin,Wexford,Galway,Championship,FF,Started,70,3.0,5.0,
1103,8,2023-04-30,Cathal Dunbar,Wexford,Galway,Championship,FF,Started,69,2.0,,1.0
1104,8,2023-04-30,Conor McDonald,Wexford,Galway,Championship,FF,Sub,24,,,
1105,8,2023-04-30,Mikie Dwyer,Wexford,Galway,Championship,M,Sub,11,,,
1106,8,2023-04-30,Richie Lawlor,Wexford,Galway,Championship,HF,Sub,1,1.0,,
1107,8,2023-04-30,Kevin Foley,Wexford,Galway,Championship,M,Sub,16,,,
1108,8,2023-04-30,Joe O Connor,Wexford,Galway,Championship,HB,Sub,35,,,
1109,8,2023-04-30,Nicky Quaid,Limerick,Clare,Championship,G,Started,70,,,
1110,8,2023-04-30,Sean Finn,Limerick,Clare,Championship,FB,Started,35,,,
1111,8,2023-04-30,Dan Morrissey,Limerick,Clare,Championship,FB,Started,70,,,
1112,8,2023-04-30,Barry Nash,Limerick,Clare,Championship,FB,Started,70,,,
1113,8,2023-04-30,Diarmuid Byrnes,Limerick,Clare,Championship,HB,Started,70,,5.0,
1114,8,2023-04-30,Declan Hannon,Limerick,Clare,Championship,HB,Started,70,,,
1115,8,2023-04-30,Kyle Hayes,Limerick,Clare,Championship,HB,Started,70,,,
1116,8,2023-04-30,Darragh O Donovan,Limerick,Clare,Championship,M,Started,44,,,
1117,8,2023-04-30,Will O Donoghue,Limerick,Clare,Championship,M,Started,70,,,
1118,8,2023-04-30,Cathal O'Neill,Limerick,Clare,Championship,HF,Started,69,2.0,,
1119,8,2023-04-30,Cian Lynch,Limerick,Clare,Championship,HF,Started,37,1.0,,
1120,8,2023-04-30,Tom Morrissey,Limerick,Clare,Championship,HF,Started,70,3.0,1.0,
1121,8,2023-04-30,Aaron Gillane,Limerick,Clare,Championship,FF,Started,70,1.0,6.0,
1122,8,2023-04-30,Seamus Flanagan,Limerick,Clare,Championship,FF,Started,70,1.0,,2.0
1123,8,2023-04-30,Peter Casey,Limerick,Clare,Championship,FF,Started,63,,,
1124,8,2023-04-30,Mike Casey,Limerick,Clare,Championship,HB,Sub,35,,,
1125,8,2023-04-30,Gearoid Hegarty,Limerick,Clare,Championship,FF,Sub,33,,,
1126,8,2023-04-30,David Reidy,Limerick,Clare,Championship,M,Sub,26,,,
1127,8,2023-04-30,Conor Boylan,Limerick,Clare,Championship,FF,Sub,1,,,
1128,8,2023-04-30,Graham Mulcahy,Limerick,Clare,Championship,FF,Sub,7,,,
1129,8,2023-04-30,Eibhear Quilligan,Clare,Tipp,Championship,G,Started,70,,,
1130,8,2023-04-30,Adam Hogan,Clare,Tipp,Championship,FB,Started,69,,,
1131,8,2023-04-30,Conor Cleary,Clare,Tipp,Championship,FB,Started,70,,,
1132,8,2023-04-30,Rory Hayes,Clare,Tipp,Championship,FB,Started,70,,,
1133,8,2023-04-30,Diarmuid Ryan,Clare,Tipp,Championship,HB,Started,70,,,
1134,8,2023-04-30,John Conlon,Clare,Tipp,Championship,HB,Started,70,,,
1135,8,2023-04-30,David McInerney,Clare,Tipp,Championship,HB,Started,70,1.0,,
1136,8,2023-04-30,David Fitzgerald,Clare,Tipp,Championship,M,Started,70,3.0,,
1137,8,2023-04-30,Cathal Malone,Clare,Tipp,Championship,M,Started,70,,,
1138,8,2023-04-30,Peter Duggan,Clare,Tipp,Championship,HF,Started,60,1.0,,1.0
1139,8,2023-04-30,Tony Kelly,Clare,Tipp,Championship,HF,Started,70,4.0,,
1140,8,2023-04-30,Aidan McCarthy,Clare,Tipp,Championship,HF,Started,70,3.0,4.0,
1141,8,2023-04-30,Ryan Taylor,Clare,Tipp,Championship,FF,Started,70,1.0,,
1142,8,2023-04-30,Shane O'Donnell,Clare,Tipp,Championship,FF,Started,70,2.0,,
1143,8,2023-04-30,Mark Rogers,Clare,Tipp,Championship,FF,Started,65,2.0,1.0,
1144,8,2023-04-30,Paul Flanagan,Clare,Tipp,Championship,FB,Sub,1,,,
1145,8,2023-04-30,Shane Meehan,Clare,Tipp,Championship,FF,Sub,5,,,
1146,8,2023-04-30,Aron Shanagher,Clare,Tipp,Championship,FF,Sub,10,2.0,,
1147,8,2023-04-30,Billy Nolan,Waterford,Cork,Championship,G,Started,70,,,
1148,8,2023-04-30,Conor Gleeson,Waterford,Cork,Championship,FB,Started,43,,,
1149,8,2023-04-30,Conor Prunty,Waterford,Cork,Championship,FB,Started,70,,,
1150,8,2023-04-30,Mark Fitzgerald,Waterford,Cork,Championship,FB,Started,70,,,
1151,8,2023-04-30,Calum Lyons,Waterford,Cork,Championship,HB,Started,70,2.0,,
1152,8,2023-04-30,Tom Barron,Waterford,Cork,Championship,HB,Started,35,,,
1153,8,2023-04-30,Jack Fagan,Waterford,Cork,Championship,HB,Started,70,,,
1154,8,2023-04-30,Darragh Lyons,Waterford,Cork,Championship,M,Started,70,,,
1155,8,2023-04-30,Jamie Barron,Waterford,Cork,Championship,M,Started,70,1.0,,
1156,8,2023-04-30,Neil Montgomery,Waterford,Cork,Championship,HF,Started,65,1.0,,
1157,8,2023-04-30,Dessie Hutchinson,Waterford,Cork,Championship,HF,Started,70,1.0,,
1158,8,2023-04-30,Michael Kiely,Waterford,Cork,Championship,HF,Started,35,,,
1159,8,2023-04-30,Colin Dunford,Waterford,Cork,Championship,FF,Started,35,,,
1160,8,2023-04-30,Stephen Bennett,Waterford,Cork,Championship,FF,Started,70,1.0,8.0,
1161,8,2023-04-30,Jack Prendergast,Waterford,Cork,Championship,FF,Started,70,,,
1162,8,2023-04-30,Austin Gleeson,Waterford,Cork,Championship,HF,Sub,35,1.0,,
1163,8,2023-04-30,Paudie Fitzgerald,Waterford,Cork,Championship,FF,Sub,5,2.0,,
1164,8,2023-04-30,Patrick Fitzgerald,Waterford,Cork,Championship,FF,Sub,35,1.0,,
1165,8,2023-04-30,Peter Hogan,Waterford,Cork,Championship,HF,Sub,35,,,
1166,8,2023-04-30,Conor Ryan,Waterford,Cork,Championship,HF,Sub,27,,,
1167,8,2023-04-30,Patrick Collins,Cork,Waterford,Championship,G,Started,70,,,
1168,8,2023-04-30,Niall O Leary,Cork,Waterford,Championship,FB,Started,70,,,
1169,8,2023-04-30,Rob Downey,Cork,Waterford,Championship,FB,Started,70,2.0,,
1170,8,2023-04-30,Damien Cahalane,Cork,Waterford,Championship,FB,Started,70,,,
1171,8,2023-04-30,Tommy O Connell,Cork,Waterford,Championship,HB,Started,70,,,
1172,8,2023-04-30,Ciaran Joyce,Cork,Waterford,Championship,HB,Started,70,,,
1173,8,2023-04-30,Ger Millerick,Cork,Waterford,Championship,HB,Started,69,,,
1174,8,2023-04-30,Brian Roche,Cork,Waterford,Championship,M,Started,70,1.0,,
1175,8,2023-04-30,Darragh Fitzgibbon,Cork,Waterford,Championship,M,Started,70,4.0,,
1176,8,2023-04-30,Seamus Harnedy,Cork,Waterford,Championship,HF,Started,56,3.0,,
1177,8,2023-04-30,Conor Lehane,Cork,Waterford,Championship,HF,Started,59,2.0,,
1178,8,2023-04-30,Shane Barrett,Cork,Waterford,Championship,HF,Started,70,1.0,,
1179,8,2023-04-30,Declan Dalton,Cork,Waterford,Championship,FF,Started,50,1.0,2.0,
1180,8,2023-04-30,Luke Meade,Cork,Waterford,Championship,FF,Started,64,1.0,,
1181,8,2023-04-30,Patrick Horgan,Cork,Waterford,Championship,FF,Started,70,2.0,6.0,
1182,8,2023-04-30,Robbie O Flynn,Cork,Waterford,Championship,FF,Sub,20,2.0,,
1183,8,2023-04-30,Padraig Power,Cork,Waterford,Championship,HF,Sub,14,,,
1184,8,2023-04-30,Shane Kingston,Cork,Waterford,Championship,HF,Sub,11,,,
1185,8,2023-04-30,Conor Cahalane,Cork,Waterford,Championship,FF,Sub,6,,,
1186,8,2023-04-30,Cormac O Brien,Cork,Waterford,Championship,HB,Sub,1,,,
